source_id,best_strategy,status,extracted_today,published_today,api_records_today,discovered_today,crawl_errors_today,frontier_touch_today,intake_sum
businesstimes_com_sg,rss_then_article_extract,active,36,27,0,0,0,36,36
bbc_co_uk,rss_then_article_extract,active,30,13,0,0,0,30,30
malaymail_com,playwright_fallback,active_candidate,30,17,0,0,6,20,30
vietnamplus_vn,rss_then_article_extract,active,28,22,0,0,0,28,28
aljazeera_com,rss_then_article_extract,active,27,16,0,0,0,27,27
europarl_europa_eu,html_then_trafilatura,active_candidate,27,26,0,0,13,33,27
koreaherald_com,rss_then_article_extract,active,26,20,0,0,0,26,26
pravda_com_ua,rss_then_article_extract,active,26,19,0,0,0,26,26
thehindu_com,rss_then_article_extract,active,26,13,0,0,0,27,26
ukrinform_net,rss_then_article_extract,active,24,19,0,0,0,24,24
khaleejtimes_com,rss_then_article_extract,active,23,9,0,0,0,23,23
france24_com,rss_then_article_extract,active,20,8,0,0,0,20,20
cbc_gov_tw,html_then_trafilatura,active_candidate,19,19,0,0,20,28,19
english_news_cn,html_then_trafilatura,active_candidate,17,10,0,0,31,46,17
news_ycombinator_com,rss_then_article_extract,active,12,0,0,0,11,23,12
reforma_com,rss_then_article_extract,active,12,3,0,0,0,12,12
euronews_com,rss_then_article_extract,active,11,9,0,0,3,14,11
gov_uk,rss_then_article_extract,active,11,8,0,0,0,11,11
globalnews_ca,rss_then_article_extract,active,10,1,0,0,0,10,10
rnz_co_nz,playwright_fallback,active_candidate,10,6,0,0,25,25,10
sama_gov_sa,html_then_trafilatura,active_candidate,10,1,0,0,0,13,10
almasryalyoum_com,html_then_trafilatura,active_candidate,7,4,0,0,39,30,7
nationalpost_com,rss_then_article_extract,active,7,2,0,0,0,7,7
pbs_org,rss_then_article_extract,active,7,0,0,0,0,7,7
fsc_go_kr,html_then_trafilatura,active_candidate,5,0,0,0,22,21,5
english_www_gov_cn,html_then_trafilatura,active_candidate,4,4,0,0,47,38,4
livemint_com,sitemap_then_article_extract,active,2,2,0,0,0,2,2
mti_gov_sg,sitemap_then_article_extract,active,2,2,0,0,0,2,2
ourworldindata_org,rss_then_article_extract,active,2,2,0,0,0,2,2
timesofindia_indiatimes_com,sitemap_then_article_extract,active,2,2,0,0,0,2,2
twse_com_tw,html_then_trafilatura,active_candidate,2,0,0,0,39,30,2
abs_gov_au,sitemap_then_article_extract,active,1,1,0,0,0,1,1
banxico_org_mx,html_then_trafilatura,active_candidate,1,0,0,0,20,11,1
bbc_com,sitemap_then_article_extract,active,1,1,0,0,0,1,1
bcb_gov_br,html_then_trafilatura,active_candidate,1,0,0,0,0,1,1
boj_or_jp,html_then_trafilatura,active_candidate,1,1,0,0,51,33,1
cbr_ru,html_then_trafilatura,active_candidate,1,1,0,0,59,43,1
ctvnews_ca,sitemap_then_article_extract,active,1,0,0,0,0,1,1
en_yna_co_kr,sitemap_then_article_extract,active,1,1,0,0,0,1,1
english_president_gov_tw,sitemap_then_article_extract,active,1,1,0,0,0,1,1
federalreserve_gov,html_then_trafilatura,active_candidate,1,0,0,0,39,27,1
fred_stlouisfed_org,html_then_trafilatura,active_candidate,1,0,0,0,28,19,1
kompas_com,sitemap_then_article_extract,active,1,0,0,0,0,1,1
mof_go_jp,html_then_trafilatura,active_candidate,1,0,0,0,35,28,1
mom_gov_sg,sitemap_then_article_extract,active,1,1,0,0,0,1,1
motie_go_kr,playwright_fallback,active_candidate,1,1,0,0,3,3,1
resbank_co_za,sitemap_then_article_extract,active,1,1,0,0,0,1,1
stats_gov_cn,html_then_trafilatura,active_candidate,1,1,0,0,13,12,1
taipeitimes_com,sitemap_then_article_extract,active,1,0,0,0,0,1,1
thanhnien_vn,rss_then_article_extract,active,1,1,0,0,23,24,1
themoscowtimes_com,sitemap_then_article_extract,active,1,1,0,0,0,1,1
24h_com_vn,sitemap_then_article_extract,active,0,0,0,0,1,1,0
abc_net_au,sitemap_then_article_extract,active,0,0,0,0,0,0,0
adb_org,rss_then_article_extract,active,0,0,0,0,2,1,0
afdb_org,playwright_fallback,active_candidate,0,0,0,0,30,29,0
afr_com,sitemap_then_article_extract,active,0,0,0,0,0,0,0
agenciadenoticias_ibge_gov_br,html_then_trafilatura,active_candidate,0,0,0,0,42,29,0
apnews_com,sitemap_then_article_extract,active,0,0,0,0,1,1,0
arabnews_com,rss_then_article_extract,active,0,0,0,0,2,1,0
arxiv_org,api_first,active,0,0,0,0,0,0,0
asahi_com,sitemap_then_article_extract,active,0,0,0,0,0,0,0
asean_org,rss_then_article_extract,active,0,0,0,0,1,1,0
asia_nikkei_com,sitemap_then_article_extract,active,0,0,0,0,0,0,0
bangkokpost_com,sitemap_then_article_extract,active,0,0,0,0,0,0,0
bank_gov_ua,sitemap_then_article_extract,active,0,0,0,0,0,0,0
bankofcanada_ca,rss_then_article_extract,active,0,0,0,0,0,0,0
bankofengland_co_uk,sitemap_then_article_extract,active,0,0,0,0,0,0,0
baochinhphu_vn,rss_then_article_extract,active,0,0,0,0,33,33,0
bea_gov,rss_then_article_extract,active,0,0,0,0,1,1,0
bls_gov,rss_then_article_extract,active,0,0,0,0,0,0,0
bok_or_kr,sitemap_then_article_extract,active,0,0,0,0,2,1,0
caixinglobal_com,sitemap_then_article_extract,active,0,0,0,0,0,0,0
canada_ca,sitemap_then_article_extract,active,0,0,0,0,0,0,0
cbc_ca,manual_review,review,0,0,0,0,0,0,0
cbn_gov_ng,sitemap_then_article_extract,active,0,0,0,0,0,0,0
centralbank_ae,playwright_fallback,active_candidate,0,0,0,0,2,1,0
cepal_org,sitemap_then_article_extract,active,0,0,0,0,0,0,0
channelnewsasia_com,sitemap_then_article_extract,active,0,0,0,0,0,0,0
chinadaily_com_cn,sitemap_then_article_extract,active,0,0,0,0,1,1,0
chosun_com,sitemap_then_article_extract,active,0,0,0,0,2,2,0
clinicaltrials_gov,playwright_fallback,active_candidate,0,0,0,0,4,2,0
cna_com_tw,sitemap_then_article_extract,active,0,0,0,0,0,0,0
cnbc_com,sitemap_then_article_extract,active,0,0,0,0,0,0,0
cnn_com,sitemap_then_article_extract,active,0,0,0,0,2,2,0
commoncrawl_org,rss_then_article_extract,active,0,0,0,0,0,0,0
consilium_europa_eu,playwright_fallback,active_candidate,0,0,0,0,2,1,0
crossref_org,api_first,active,0,0,0,0,0,0,0
csrc_gov_cn,html_then_trafilatura,active_candidate,0,0,0,0,42,29,0
dailymaverick_co_za,rss_then_article_extract,active,0,0,0,0,11,11,0
dantri_com_vn,rss_then_article_extract,active,0,0,0,0,0,0,0
data_aseanstats_org,html_then_trafilatura,active_candidate,0,0,0,0,2,1,0
data_gov,sitemap_then_article_extract,active,0,0,0,0,0,0,0
dw_com,sitemap_then_article_extract,active,0,0,0,0,0,0,0
ec_europa_eu,sitemap_then_article_extract,active,0,0,0,0,1,1,0
ecb_europa_eu,sitemap_then_article_extract,active,0,0,0,0,0,0,0
economictimes_indiatimes_com,sitemap_then_article_extract,active,0,0,0,0,0,0,0
eea_europa_eu,sitemap_then_article_extract,active,0,0,0,0,0,0,0
egypttoday_com,playwright_fallback,active_candidate,0,0,0,0,2,1,0
eib_org,sitemap_then_article_extract,active,0,0,0,0,0,0,0
eltiempo_com,sitemap_then_article_extract,active,0,0,0,0,0,0,0
eluniversal_com_mx,sitemap_then_article_extract,active,0,0,0,0,2,2,0
ema_europa_eu,html_then_trafilatura,active_candidate,0,0,0,0,49,34,0
en_www_inegi_org_mx,sitemap_then_article_extract,active,0,0,0,0,0,0,0
eng_stat_gov_tw,sitemap_then_article_extract,active,0,0,0,0,0,0,0
english_hani_co_kr,rss_then_article_extract,active,0,0,0,0,0,0,0
english_kyodonews_net,sitemap_then_article_extract,active,0,0,0,0,0,0,0
english_mofcom_gov_cn,html_then_trafilatura,active_candidate,0,0,0,0,38,28,0
eurotopics_net,rss_then_article_extract,active,0,0,0,0,0,0,0
fca_org_uk,rss_then_article_extract,active,0,0,0,0,1,1,0
focustaiwan_tw,sitemap_then_article_extract,active,0,0,0,0,0,0,0
folha_uol_com_br,sitemap_then_article_extract,active,0,0,0,0,0,0,0
fsc_gov_tw,sitemap_then_article_extract,active,0,0,0,0,0,0,0
ft_com,sitemap_then_article_extract,active,0,0,0,0,0,0,0
gdeltproject_org,api_first,active,0,0,0,0,0,0,0
github_com,api_first,active,0,0,0,0,0,0,0
global_krx_co_kr,playwright_fallback,active_candidate,0,0,0,0,2,1,0
globaltimes_cn,sitemap_then_article_extract,active,0,0,0,0,0,0,0
gov_sg,sitemap_then_article_extract,active,0,0,0,0,0,0,0
gso_gov_vn,manual_review,review,0,0,0,0,0,0,0
gulfnews_com,rss_then_article_extract,active,0,0,0,0,17,17,0
imf_org,html_then_trafilatura,active_candidate,0,0,0,0,17,12,0
independent_co_uk,rss_then_article_extract,active,0,0,0,0,38,38,0
indianexpress_com,rss_then_article_extract,active,0,0,0,0,26,26,0
interfax_com,manual_review,review,0,0,0,0,0,0,0
japantimes_co_jp,playwright_fallback,active_candidate,0,0,0,0,2,1,0
jpx_co_jp,sitemap_then_article_extract,active,0,0,0,0,0,0,0
knbs_or_ke,manual_review,review,0,0,0,0,0,0,0
koreatimes_co_kr,sitemap_then_article_extract,active,0,0,0,0,0,0,0
kostat_go_kr,sitemap_then_article_extract,active,0,0,0,0,0,0,0
kyivindependent_com,rss_then_article_extract,active,0,0,0,0,12,12,0
lanacion_com_ar,rss_then_article_extract,active,0,0,0,0,26,26,0
mas_gov_sg,html_then_trafilatura,active_candidate,0,0,0,0,10,5,0
meduza_io,html_then_trafilatura,active_candidate,0,0,0,0,21,14,0
meti_go_jp,manual_review,review,0,0,0,0,0,0,0
moea_gov_tw,playwright_fallback,active_candidate,0,0,0,0,40,28,0
mospi_gov_in,manual_review,review,0,0,0,0,0,0,0
nationthailand_com,sitemap_then_article_extract,active,0,0,0,0,0,0,0
nature_com,rss_then_article_extract,active,0,0,0,0,0,0,0
ncbi_nlm_nih_gov,api_first,active,0,0,0,0,0,0,0
news24_com,html_then_trafilatura,active_candidate,0,0,0,0,30,22,0
news_sky_com,playwright_fallback,active_candidate,0,0,0,0,2,1,0
npr_org,manual_review,review,0,0,0,0,0,0,0
nseindia_com,manual_review,review,0,0,0,0,0,0,0
nytimes_com,rss_then_article_extract,active,0,0,0,0,21,21,0
nzherald_co_nz,sitemap_then_article_extract,active,0,0,0,0,0,0,0
oecd_org,playwright_fallback,active_candidate,0,0,0,0,2,1,0
ons_gov_uk,html_then_trafilatura,active_candidate,0,0,0,0,47,32,0
openalex_org,manual_review,review,0,0,0,0,0,0,0
osc_ca,sitemap_then_article_extract,active,0,0,0,0,0,0,0
parliament_uk,playwright_fallback,active_candidate,0,0,0,0,2,1,0
pbc_gov_cn,manual_review,review,0,0,0,0,0,0,0
philstar_com,sitemap_then_article_extract,active,0,0,0,0,0,0,0
pib_gov_in,playwright_fallback,active_candidate,0,0,0,0,2,1,0
politico_eu,rss_then_article_extract,active,0,0,0,0,20,20,0
qna_org_qa,sitemap_then_article_extract,active,0,0,0,0,0,0,0
rba_gov_au,rss_then_article_extract,active,0,0,0,0,0,0,0
rbc_ru,sitemap_then_article_extract,active,0,0,0,0,0,0,0
rbi_org_in,sitemap_then_article_extract,active,0,0,0,0,0,0,0
rbnz_govt_nz,playwright_fallback,active_candidate,0,0,0,0,2,1,0
reutersagency_com,sitemap_then_article_extract,active,0,0,0,0,0,0,0
sbv_gov_vn,sitemap_then_article_extract,active,0,0,0,0,0,0,0
science_org,playwright_fallback,active_candidate,0,0,0,0,2,1,0
scmp_com,rss_then_article_extract,active,0,0,0,0,22,22,0
sebi_gov_in,sitemap_then_article_extract,active,0,0,0,0,0,0,0
sec_gov,api_first,active,0,0,0,0,0,0,0
semanticscholar_org,api_first,active,0,0,0,0,0,0,0
sgx_com,sitemap_then_article_extract,active,0,0,0,0,0,0,0
singstat_gov_sg,sitemap_then_article_extract,active,0,0,0,0,2,2,0
smh_com_au,rss_then_article_extract,active,0,0,0,0,34,34,0
spa_gov_sa,sitemap_then_article_extract,active,0,0,0,0,0,0,0
stat_go_jp,playwright_fallback,active_candidate,0,0,0,0,2,1,0
statcan_gc_ca,rss_then_article_extract,active,0,0,0,0,0,0,0
stats_govt_nz,sitemap_then_article_extract,active,0,0,0,0,0,0,0
statssa_gov_za,playwright_fallback,active_candidate,0,0,0,0,2,1,0
straitstimes_com,rss_then_article_extract,active,0,0,0,0,0,0,0
tadawulgroup_sa,html_then_trafilatura,active_candidate,0,0,0,0,36,28,0
taiwannews_com_tw,sitemap_then_article_extract,active,0,0,0,0,0,0,0
tass_com,sitemap_then_article_extract,active,0,0,0,0,0,0,0
theaustralian_com_au,sitemap_then_article_extract,active,0,0,0,0,3,3,0
theeastafrican_co_ke,rss_then_article_extract,active,0,0,0,0,7,7,0
theglobeandmail_com,sitemap_then_article_extract,active,0,0,0,0,0,0,0
theguardian_com,rss_then_article_extract,active,0,0,0,0,34,34,0
thejakartapost_com,sitemap_then_article_extract,active,0,0,0,0,2,2,0
thenationalnews_com,sitemap_then_article_extract,active,0,0,0,0,2,2,0
thestar_com_my,sitemap_then_article_extract,active,0,0,0,0,0,0,0
timesofisrael_com,html_then_trafilatura,active_candidate,0,0,0,0,30,18,0
todayonline_com,html_then_trafilatura,active_candidate,0,0,0,0,28,19,0
tsx_com,sitemap_then_article_extract,active,0,0,0,0,0,0,0
tuoitre_vn,rss_then_article_extract,active,0,0,0,0,21,21,0
un_org,rss_then_article_extract,active,0,0,0,0,0,0,0
vietnamnet_vn,sitemap_then_article_extract,active,0,0,0,0,0,0,0
vnexpress_net,sitemap_then_article_extract,active,0,0,0,0,0,0,0
washingtonpost_com,manual_review,review,0,0,0,0,0,0,0
who_int,sitemap_then_article_extract,active,0,0,0,0,0,0,0
wikidata_org,playwright_fallback,active_candidate,0,0,0,0,24,12,0
worldbank_org,api_first,active,0,0,0,0,0,0,0
wsj_com,sitemap_then_article_extract,active,0,0,0,0,3,3,0
www3_nhk_or_jp,manual_review,review,0,0,0,0,0,0,0

__TOTALS_PROFILE_SOURCES__,,,495,296,0,0,1396,1559,495
__EXTRA__,api_records_missing_source_id,,,,0,,,,
