source_id,best_strategy,status,crawl_errors_today,frontier_touch_today,note
24h_com_vn,sitemap_then_article_extract,active,1,1,intake_sum=0
abc_net_au,sitemap_then_article_extract,active,0,0,intake_sum=0
adb_org,rss_then_article_extract,active,2,1,intake_sum=0
afdb_org,playwright_fallback,active_candidate,30,29,intake_sum=0
afr_com,sitemap_then_article_extract,active,0,0,intake_sum=0
agenciadenoticias_ibge_gov_br,html_then_trafilatura,active_candidate,42,29,intake_sum=0
apnews_com,sitemap_then_article_extract,active,1,1,intake_sum=0
arabnews_com,rss_then_article_extract,active,2,1,intake_sum=0
arxiv_org,api_first,active,0,0,intake_sum=0
asahi_com,sitemap_then_article_extract,active,0,0,intake_sum=0
asean_org,rss_then_article_extract,active,1,1,intake_sum=0
asia_nikkei_com,sitemap_then_article_extract,active,0,0,intake_sum=0
bangkokpost_com,sitemap_then_article_extract,active,0,0,intake_sum=0
bank_gov_ua,sitemap_then_article_extract,active,0,0,intake_sum=0
bankofcanada_ca,rss_then_article_extract,active,0,0,intake_sum=0
bankofengland_co_uk,sitemap_then_article_extract,active,0,0,intake_sum=0
baochinhphu_vn,rss_then_article_extract,active,33,33,intake_sum=0
bea_gov,rss_then_article_extract,active,1,1,intake_sum=0
bls_gov,rss_then_article_extract,active,0,0,intake_sum=0
bok_or_kr,sitemap_then_article_extract,active,2,1,intake_sum=0
caixinglobal_com,sitemap_then_article_extract,active,0,0,intake_sum=0
canada_ca,sitemap_then_article_extract,active,0,0,intake_sum=0
cbc_ca,manual_review,review,0,0,intake_sum=0
cbn_gov_ng,sitemap_then_article_extract,active,0,0,intake_sum=0
centralbank_ae,playwright_fallback,active_candidate,2,1,intake_sum=0
cepal_org,sitemap_then_article_extract,active,0,0,intake_sum=0
channelnewsasia_com,sitemap_then_article_extract,active,0,0,intake_sum=0
chinadaily_com_cn,sitemap_then_article_extract,active,1,1,intake_sum=0
chosun_com,sitemap_then_article_extract,active,2,2,intake_sum=0
clinicaltrials_gov,playwright_fallback,active_candidate,4,2,intake_sum=0
cna_com_tw,sitemap_then_article_extract,active,0,0,intake_sum=0
cnbc_com,sitemap_then_article_extract,active,0,0,intake_sum=0
cnn_com,sitemap_then_article_extract,active,2,2,intake_sum=0
commoncrawl_org,rss_then_article_extract,active,0,0,intake_sum=0
consilium_europa_eu,playwright_fallback,active_candidate,2,1,intake_sum=0
crossref_org,api_first,active,0,0,intake_sum=0
csrc_gov_cn,html_then_trafilatura,active_candidate,42,29,intake_sum=0
dailymaverick_co_za,rss_then_article_extract,active,11,11,intake_sum=0
dantri_com_vn,rss_then_article_extract,active,0,0,intake_sum=0
data_aseanstats_org,html_then_trafilatura,active_candidate,2,1,intake_sum=0
data_gov,sitemap_then_article_extract,active,0,0,intake_sum=0
dw_com,sitemap_then_article_extract,active,0,0,intake_sum=0
ec_europa_eu,sitemap_then_article_extract,active,1,1,intake_sum=0
ecb_europa_eu,sitemap_then_article_extract,active,0,0,intake_sum=0
economictimes_indiatimes_com,sitemap_then_article_extract,active,0,0,intake_sum=0
eea_europa_eu,sitemap_then_article_extract,active,0,0,intake_sum=0
egypttoday_com,playwright_fallback,active_candidate,2,1,intake_sum=0
eib_org,sitemap_then_article_extract,active,0,0,intake_sum=0
eltiempo_com,sitemap_then_article_extract,active,0,0,intake_sum=0
eluniversal_com_mx,sitemap_then_article_extract,active,2,2,intake_sum=0
ema_europa_eu,html_then_trafilatura,active_candidate,49,34,intake_sum=0
en_www_inegi_org_mx,sitemap_then_article_extract,active,0,0,intake_sum=0
eng_stat_gov_tw,sitemap_then_article_extract,active,0,0,intake_sum=0
english_hani_co_kr,rss_then_article_extract,active,0,0,intake_sum=0
english_kyodonews_net,sitemap_then_article_extract,active,0,0,intake_sum=0
english_mofcom_gov_cn,html_then_trafilatura,active_candidate,38,28,intake_sum=0
eurotopics_net,rss_then_article_extract,active,0,0,intake_sum=0
fca_org_uk,rss_then_article_extract,active,1,1,intake_sum=0
focustaiwan_tw,sitemap_then_article_extract,active,0,0,intake_sum=0
folha_uol_com_br,sitemap_then_article_extract,active,0,0,intake_sum=0
fsc_gov_tw,sitemap_then_article_extract,active,0,0,intake_sum=0
ft_com,sitemap_then_article_extract,active,0,0,intake_sum=0
gdeltproject_org,api_first,active,0,0,intake_sum=0
github_com,api_first,active,0,0,intake_sum=0
global_krx_co_kr,playwright_fallback,active_candidate,2,1,intake_sum=0
globaltimes_cn,sitemap_then_article_extract,active,0,0,intake_sum=0
gov_sg,sitemap_then_article_extract,active,0,0,intake_sum=0
gso_gov_vn,manual_review,review,0,0,intake_sum=0
gulfnews_com,rss_then_article_extract,active,17,17,intake_sum=0
imf_org,html_then_trafilatura,active_candidate,17,12,intake_sum=0
independent_co_uk,rss_then_article_extract,active,38,38,intake_sum=0
indianexpress_com,rss_then_article_extract,active,26,26,intake_sum=0
interfax_com,manual_review,review,0,0,intake_sum=0
japantimes_co_jp,playwright_fallback,active_candidate,2,1,intake_sum=0
jpx_co_jp,sitemap_then_article_extract,active,0,0,intake_sum=0
knbs_or_ke,manual_review,review,0,0,intake_sum=0
koreatimes_co_kr,sitemap_then_article_extract,active,0,0,intake_sum=0
kostat_go_kr,sitemap_then_article_extract,active,0,0,intake_sum=0
kyivindependent_com,rss_then_article_extract,active,12,12,intake_sum=0
lanacion_com_ar,rss_then_article_extract,active,26,26,intake_sum=0
mas_gov_sg,html_then_trafilatura,active_candidate,10,5,intake_sum=0
meduza_io,html_then_trafilatura,active_candidate,21,14,intake_sum=0
meti_go_jp,manual_review,review,0,0,intake_sum=0
moea_gov_tw,playwright_fallback,active_candidate,40,28,intake_sum=0
mospi_gov_in,manual_review,review,0,0,intake_sum=0
nationthailand_com,sitemap_then_article_extract,active,0,0,intake_sum=0
nature_com,rss_then_article_extract,active,0,0,intake_sum=0
ncbi_nlm_nih_gov,api_first,active,0,0,intake_sum=0
news24_com,html_then_trafilatura,active_candidate,30,22,intake_sum=0
news_sky_com,playwright_fallback,active_candidate,2,1,intake_sum=0
npr_org,manual_review,review,0,0,intake_sum=0
nseindia_com,manual_review,review,0,0,intake_sum=0
nytimes_com,rss_then_article_extract,active,21,21,intake_sum=0
nzherald_co_nz,sitemap_then_article_extract,active,0,0,intake_sum=0
oecd_org,playwright_fallback,active_candidate,2,1,intake_sum=0
ons_gov_uk,html_then_trafilatura,active_candidate,47,32,intake_sum=0
openalex_org,manual_review,review,0,0,intake_sum=0
osc_ca,sitemap_then_article_extract,active,0,0,intake_sum=0
parliament_uk,playwright_fallback,active_candidate,2,1,intake_sum=0
pbc_gov_cn,manual_review,review,0,0,intake_sum=0
philstar_com,sitemap_then_article_extract,active,0,0,intake_sum=0
pib_gov_in,playwright_fallback,active_candidate,2,1,intake_sum=0
politico_eu,rss_then_article_extract,active,20,20,intake_sum=0
qna_org_qa,sitemap_then_article_extract,active,0,0,intake_sum=0
rba_gov_au,rss_then_article_extract,active,0,0,intake_sum=0
rbc_ru,sitemap_then_article_extract,active,0,0,intake_sum=0
rbi_org_in,sitemap_then_article_extract,active,0,0,intake_sum=0
rbnz_govt_nz,playwright_fallback,active_candidate,2,1,intake_sum=0
reutersagency_com,sitemap_then_article_extract,active,0,0,intake_sum=0
sbv_gov_vn,sitemap_then_article_extract,active,0,0,intake_sum=0
science_org,playwright_fallback,active_candidate,2,1,intake_sum=0
scmp_com,rss_then_article_extract,active,22,22,intake_sum=0
sebi_gov_in,sitemap_then_article_extract,active,0,0,intake_sum=0
sec_gov,api_first,active,0,0,intake_sum=0
semanticscholar_org,api_first,active,0,0,intake_sum=0
sgx_com,sitemap_then_article_extract,active,0,0,intake_sum=0
singstat_gov_sg,sitemap_then_article_extract,active,2,2,intake_sum=0
smh_com_au,rss_then_article_extract,active,34,34,intake_sum=0
spa_gov_sa,sitemap_then_article_extract,active,0,0,intake_sum=0
stat_go_jp,playwright_fallback,active_candidate,2,1,intake_sum=0
statcan_gc_ca,rss_then_article_extract,active,0,0,intake_sum=0
stats_govt_nz,sitemap_then_article_extract,active,0,0,intake_sum=0
statssa_gov_za,playwright_fallback,active_candidate,2,1,intake_sum=0
straitstimes_com,rss_then_article_extract,active,0,0,intake_sum=0
tadawulgroup_sa,html_then_trafilatura,active_candidate,36,28,intake_sum=0
taiwannews_com_tw,sitemap_then_article_extract,active,0,0,intake_sum=0
tass_com,sitemap_then_article_extract,active,0,0,intake_sum=0
theaustralian_com_au,sitemap_then_article_extract,active,3,3,intake_sum=0
theeastafrican_co_ke,rss_then_article_extract,active,7,7,intake_sum=0
theglobeandmail_com,sitemap_then_article_extract,active,0,0,intake_sum=0
theguardian_com,rss_then_article_extract,active,34,34,intake_sum=0
thejakartapost_com,sitemap_then_article_extract,active,2,2,intake_sum=0
thenationalnews_com,sitemap_then_article_extract,active,2,2,intake_sum=0
thestar_com_my,sitemap_then_article_extract,active,0,0,intake_sum=0
timesofisrael_com,html_then_trafilatura,active_candidate,30,18,intake_sum=0
todayonline_com,html_then_trafilatura,active_candidate,28,19,intake_sum=0
tsx_com,sitemap_then_article_extract,active,0,0,intake_sum=0
tuoitre_vn,rss_then_article_extract,active,21,21,intake_sum=0
un_org,rss_then_article_extract,active,0,0,intake_sum=0
vietnamnet_vn,sitemap_then_article_extract,active,0,0,intake_sum=0
vnexpress_net,sitemap_then_article_extract,active,0,0,intake_sum=0
washingtonpost_com,manual_review,review,0,0,intake_sum=0
who_int,sitemap_then_article_extract,active,0,0,intake_sum=0
wikidata_org,playwright_fallback,active_candidate,24,12,intake_sum=0
worldbank_org,api_first,active,0,0,intake_sum=0
wsj_com,sitemap_then_article_extract,active,3,3,intake_sum=0
www3_nhk_or_jp,manual_review,review,0,0,intake_sum=0
