api_name,source_id,record_type,title,url,published_at,updated_at,language,domain,country,authors_json,discovery_method,content_hash,collected_at
crossref,api_crossref,scholarly_work,Poised at the Edge,https://doi.org/10.1093/9780197761762.003.0001,2026-5-15,,,doi.org,,"[""Sean Williams""]",api_crossref_works,5982cb8b3295191c4f388a3b3ad20a7c149c8bc27f2a41f9926c0096039141ec,2026-05-17 15:43:26.075576
crossref,api_crossref,scholarly_work,Notes,https://doi.org/10.1093/9780197761762.003.0009,2026-5-15,,,doi.org,,"[""Sean Williams""]",api_crossref_works,59090cfc81c9ff757afae0edd9890136961b1e130f461c5f5a1d5ed4003333d6,2026-05-17 15:43:26.131058
crossref,api_crossref,scholarly_work,Coherence Action,https://doi.org/10.1093/9780197825303.003.0029,2026-5-15,,,doi.org,,"[""Stephen J Swensen"", ""Tait Shanafelt""]",api_crossref_works,a91d2a4270de6f42ceaa156a4f7367fe7ba39ff399f8ca3b94b20d965d9d6b4a,2026-05-17 15:43:26.186559
crossref,api_crossref,scholarly_work,Economic Depression and War,https://doi.org/10.1093/9780197839294.003.0007,2026-5-15,,,doi.org,,"[""Melvyn Stokes""]",api_crossref_works,cefa0750e457a151bff133a40a45f8f1b719e5ef77f0396b60ccf73c8e52282a,2026-05-17 15:43:25.864261
crossref,api_crossref,scholarly_work,Notes,https://doi.org/10.1093/9780197839294.003.0013,2026-5-15,,,doi.org,,"[""Melvyn Stokes""]",api_crossref_works,bfddd5950c0bb61798160b53a25ba5ee4c8c96f6076b09f8f107ceeef83ada0c,2026-05-17 15:43:25.930282
crossref,api_crossref,scholarly_work,Channel structures and returns provider programs in global e-retailing,https://doi.org/10.1108/ijrdm-08-2025-0629,2026-5-15,,,doi.org,,"[""Te-Tzu Kan"", ""Tzu-Chun Weng"", ""Cheng-Kang Chen""]",api_crossref_works,9005c94fb915f567bf72bd81361b12e89d69a501d33a71b717e1d130ed41598d,2026-05-17 15:43:28.108711
crossref,api_crossref,scholarly_work,"Customer incivility, surface acting, burnout and well-being in gen Z hairdressers",https://doi.org/10.1108/jsm-08-2025-0568,2026-5-15,,,doi.org,,"[""Jiann-Wen Huang""]",api_crossref_works,3861751c7292ffdc560cf283f34705a219caed6520c0b7f1ac9ccae26a4b037e,2026-05-17 15:43:28.053166
crossref,api_crossref,scholarly_work,Exploring new leadership pathways: comparing two partnership models for school leadership development,https://doi.org/10.1108/sup-02-2026-0006,2026-5-15,,,doi.org,,"[""Madhu Narayanan""]",api_crossref_works,a4a31a6172ddbbcc8db74de227301471432b14ffa2b0a7677460c7bd8922b3cb,2026-05-17 15:43:27.997470
crossref,api_crossref,scholarly_work,A Climate-Aware Modeling Framework for Reliable IoT Connectivity: Environmental Effects on LoRaWAN Signal-to-Noise Ratio,https://doi.org/10.1109/jiot.2026.3664147,2026-5-15,,,doi.org,,"[""Spyros Lavdas"", ""Nikolaos Bakas"", ""Wassim El Hajj"", ""Zinon Zinonos""]",api_crossref_works,09a9736bc41da61012fa0fedb21b0c977dfc2511ee740997d5c0f82b94631668,2026-05-17 15:43:27.464235
crossref,api_crossref,scholarly_work,Carbon-Aware Dynamic Task Scheduling in Hierarchical Cloud–Edge Systems for IoT Devices,https://doi.org/10.1109/jiot.2026.3665092,2026-5-15,,,doi.org,,"[""Juncai Gao"", ""Zhuoyue Chen"", ""Zhihao Hu"", ""Zhanqi Cui"", ""Ying Chen"", ""Jiwei Huang""]",api_crossref_works,56498eff78f5c157e2da7cff5dd1f71cecf40f11962ac627c811eae68de78a29,2026-05-17 15:43:27.664131
crossref,api_crossref,scholarly_work,Direction Prediction Error-Prioritized Experience Replay (DPE-PER) for Adversarial UAV Interception Under Partial Observability,https://doi.org/10.1109/jiot.2026.3667218,2026-5-15,,,doi.org,,"[""Issaree Srisomboon"", ""Sanghwan Lee""]",api_crossref_works,b9351afc5fdb8baf466407cc3a1ba02aab992c571b68ca60b2088f577308e256,2026-05-17 15:43:27.387750
crossref,api_crossref,scholarly_work,A Learned-PPR Decoding Scheme for Partial Packet Recovery in Network Coding,https://doi.org/10.1109/jiot.2026.3667346,2026-5-15,,,doi.org,,"[""Han Shen"", ""Qifu Tyler Sun"", ""Zongpeng Li"", ""Hao Qi"", ""Yangxuan Cheng"", ""Fanyang Meng"", ""Ye Wang"", ""Yongsheng Liang""]",api_crossref_works,d8260364f608c8b129bd210c079b26e060def49a7468230811c44cf69232fe9c,2026-05-17 15:43:27.864180
crossref,api_crossref,scholarly_work,ECT Imaging Based on Fractional-Order Particle Filtering and Image Super-Resolution,https://doi.org/10.1109/jiot.2026.3667512,2026-5-15,,,doi.org,,"[""Jingwen Wang"", ""Zhibin Liu"", ""Guoxing Huang"", ""Yu Zhang"", ""Weidang Lu""]",api_crossref_works,351d11e6348a3228d6f196d1ae172b2cc97774f119313faeeb78fc46aceba5cd,2026-05-17 15:43:27.797634
crossref,api_crossref,scholarly_work,UAV Joint Scheduling for Optimizing Charging and Data Collection in Wireless Rechargeable Sensor Networks,https://doi.org/10.1109/jiot.2026.3667556,2026-5-15,,,doi.org,,"[""Wenfu Lai"", ""Chao Sha"", ""Jingwen Wang"", ""Shunxin Xia"", ""Pengfei Wu""]",api_crossref_works,dc50b4a1d8abb25b1fc271de6d558ec761f01455d5acbcc86becfb593578db72,2026-05-17 15:43:27.597811
crossref,api_crossref,scholarly_work,A Self-Powered WuRX With RF Energy Harvesting: Time Division Multiplexing for Dual Band,https://doi.org/10.1109/jiot.2026.3668212,2026-5-15,,,doi.org,,"[""Shaohua Zhang"", ""Yuyuan Wang"", ""Shaofei Wu"", ""Xufeng Liao"", ""Zhangming Zhu"", ""Lianxi Liu""]",api_crossref_works,361d76079f366073821a6fa8510df3c9e0bbef50dafd7b04790e0ccf26bd5ccf,2026-05-17 15:43:27.931036
crossref,api_crossref,scholarly_work,Transformer-Driven Multicenter Manifold Modeling Deep SVDD for Anomaly Detection in IIoT Networks,https://doi.org/10.1109/jiot.2026.3669246,2026-5-15,,,doi.org,,"[""Weijian Zhong"", ""Dagang Li"", ""Yuntao Zou"", ""Tongjun Guan"", ""Wei Wang""]",api_crossref_works,7f3b80dc7a364f788eb29ffe62c037e72b2b3408bc4a7276226d3e24b8930c76,2026-05-17 15:43:27.530890
crossref,api_crossref,scholarly_work,"<i>K</i>
                    -Means and DDPG-Based Access Point Deployment Strategy in Cell-Free Massive MIMO Systems With Hybrid Energy Supply",https://doi.org/10.1109/jiot.2026.3669298,2026-5-15,,,doi.org,,"[""Yunan Zhang"", ""Yanxiang Jiang"", ""Hao Wu"", ""Boyu Zhang"", ""Fu-Chun Zheng""]",api_crossref_works,17f7cf518d44a3c1eff968d66b12c52ffa7f4b1adc051fee306a8e8a355e8352,2026-05-17 15:43:27.730877
crossref,api_crossref,scholarly_work,A Comprehensive Review of Generative Physical Artificial Intelligence,https://doi.org/10.1109/jiot.2026.3671268,2026-5-15,,,doi.org,,"[""Satyam Gaba"", ""Krutiksinh Rana"", ""Siva Sai"", ""Vinay Chamola"", ""Dusit Niyato""]",api_crossref_works,62bcbe00b088f4a2872e49edb5083a1f13567d88b32f17010ab9e0f3c2f1c279,2026-05-17 15:43:27.308853
crossref,api_crossref,scholarly_work,Temperature-Compensated Bragg Grating Sensor for Curvature and Strain Measurement in a Configurable Rectangular Optical Fiber,https://doi.org/10.1109/jlt.2026.3670357,2026-5-15,,,doi.org,,"[""Jingxian Cui"", ""Lin Htein"", ""Chern Yang Leong"", ""Linyue Lu"", ""Soon Xin Gan"", ""Jing Wen Chew"", ""Xin Cheng"", ""Hwa-Yaw Tam""]",api_crossref_works,d711a735363d9d71851b2233f6ac8d6b8736c968d3e29b754ba277ce34aa7fc9,2026-05-17 15:43:27.153083
crossref,api_crossref,scholarly_work,Monolithically Integrated Narrow-Linewidth DFB Laser Utilizing On-Chip Optical Feedback,https://doi.org/10.1109/lpt.2026.3662274,2026-5-15,,,doi.org,,"[""Zeyu Gang"", ""Shijian Guan"", ""Xiao Liu"", ""Yunshan Zhang"", ""Menghao Huang"", ""Guang Qian"", ""You Yu"", ""Jiaxin Xu"", ""Zhiyu Chen"", ""Xiangfei Chen""]",api_crossref_works,19399452d8fe2dfdf2280e6e76e1f75aa722aae3cc523231cce2de35d0024c30,2026-05-17 15:43:26.286962
crossref,api_crossref,scholarly_work,Synergistic antioxidant and gene supplementation for high-efficacy retinitis pigmentosa therapy,https://doi.org/10.1126/sciadv.aed0154,2026-5-15,,,doi.org,,"[""Fuhua Wu"", ""Haiping Wu"", ""Jialiang Yang"", ""Haolin Wang"", ""Shengliu Pan"", ""Yuxi Zhan"", ""Hu Liao"", ""Yuhan Chen"", ""Xiawei Wu"", ""Zhenglin Yang""]",api_crossref_works,eb32624869f4cc92afdf69f59e9d4e8ffa3aaf5255292018773282b00f154b6d,2026-05-17 15:43:28.220002
crossref,api_crossref,scholarly_work,Beyond seizure control: Identifying deficits in cognitive networks in absence epilepsy,https://doi.org/10.1126/sciadv.aed3642,2026-5-15,,,doi.org,,"[""Gil Vantomme"", ""Gabrielle Devienne"", ""Jacob M. Hull"", ""John R. Huguenard""]",api_crossref_works,2242580cdc6c2ffae3c10cba43a1b07dd3b83777ecfeea16011e27f9ff4eb621,2026-05-17 15:43:28.164337
crossref,api_crossref,scholarly_work,Medievalizing Epicity and Heavy Metal,https://doi.org/10.1386/9781835952931_2,2026-5-15,,,doi.org,,,api_crossref_works,f31652d8838957ffcf4a7d350b6196b39b794761061b4edf1ef8e1d55cf08af3,2026-05-17 15:43:26.752362
crossref,api_crossref,scholarly_work,Frontmatter,https://doi.org/10.1515/9783035631036-fm,2026-5-15,,,doi.org,,,api_crossref_works,52a66e3ca504661fd5c3fd26fe17624a382aabbf023c3eb691e2a5e0684daa26,2026-05-17 15:43:26.353399
crossref,api_crossref,scholarly_work,Bibliography,https://doi.org/10.1515/9783112219812-013,2026-5-15,,,doi.org,,,api_crossref_works,d5749903f5a389c3a6629eaa218644dcb7fb9b39450673e76405d80f39a10ac2,2026-05-17 15:43:26.409106
crossref,api_crossref,scholarly_work,17Chapter 2 Comparing Lions with Dragons. Gender bias and performativity in reality business shows,https://doi.org/10.1515/9783112219850-002,2026-5-15,,,doi.org,,"[""Hilda Rømer Christensen"", ""Sebrina Stensgaard"", ""Michala Hvidt Breengaard"", ""Oihane Etayo Ballesteros"", ""Melissa Tanti"", ""Zsofia Hacsek"", ""Andrée Woodcock""]",api_crossref_works,39f3eb770db5fcfc8f8494f25c5cf50a59ec8c23b8acd9cba79940c600f31ceb,2026-05-17 15:43:27.230642
crossref,api_crossref,scholarly_work,Engaging the Madrasa,https://doi.org/10.2307/jj.32247997,2026-5-15,,,doi.org,,,api_crossref_works,d3ef6ad72a534e304a1c469bace83c84d2199f6d46cf15890051076cbca9422c,2026-05-17 15:43:26.686871
crossref,api_crossref,scholarly_work,Teaching Ethnography in Greece:,https://doi.org/10.2307/jj.35079612.11,2026-5-15,,,doi.org,,"[""IOANNIS MANOS""]",api_crossref_works,3b82f77f2cd454cd602858123027b963aaaa97d0db2663d2eecb4635207d4763,2026-05-17 15:43:28.275431
crossref,api_crossref,scholarly_work,Breaking Down Walls in Post-Pandemic Transnational Fables,https://doi.org/10.2307/jj.37105679.10,2026-5-15,,,doi.org,,,api_crossref_works,554e633297c826aa1e9f887d9f862747bbd54d59957f08c0b7c28bfe89537eaf,2026-05-17 15:43:25.797599
crossref,api_crossref,scholarly_work,Co-existing through Opposition:,https://doi.org/10.2307/jj.37252711.11,2026-5-15,,,doi.org,,"[""Josep Almudéver Chanzà""]",api_crossref_works,5a144c7fd5eb5052e1fe508c283e27312a67e1dc6a289c4301549860d549d20b,2026-05-17 15:43:25.743258
crossref,api_crossref,scholarly_work,“Is There Going to Be Another Competition Today?”,https://doi.org/10.2307/jj.37252711.9,2026-5-15,,,doi.org,,"[""A. McCarthy""]",api_crossref_works,618de1dd9a609c25db572d887fefdb04cf014899a4d8c31b1f9988b1b8e84b00,2026-05-17 15:43:25.649776
crossref,api_crossref,scholarly_work,Analysis of working conditions and application of the occupational risk control hierarchy method to the workplace of a wastewater treatment operator at a coal mining operation,https://doi.org/10.30686/1609-9192-2026-2-176-183,2026-5-15,,,doi.org,,"[""L.A. Ivanova"", ""P.P. Ivanov"", ""E.S. Mikhailova"", ""T.A. Utrobina""]",api_crossref_works,55586413c0755a186b6806ddb174fb329f33e3354687141159de36d61c9d04da,2026-05-17 15:43:26.619722
crossref,api_crossref,scholarly_work,On geoecological assessment of economic diversification in coal-mining regions,https://doi.org/10.30686/1609-9192-2026-2-43-46,2026-5-15,,,doi.org,,"[""Dmitry S. Shumkov""]",api_crossref_works,fd58bb0540a11a91e784d45cb6e90871396199f1bf1954213beadb7dcb877f25,2026-05-17 15:43:26.542335
crossref,api_crossref,scholarly_work,Association between high waist-height ratio and endoplasmic reticulum stress of young adults with insulin resistance,https://doi.org/10.4239/wjd.v17.i5.116053,2026-5-15,,,doi.org,,"[""Oscar E Casillas"", ""César A Hernández-Aguirre"", ""Ana Gabriela Leija-Montoya"", ""Tatiana Romero-García"", ""J Gustavo Vázquez-Jiménez""]",api_crossref_works,7b5bab65ef85e91f3c9802f8f1ef7b17df6741423ad8a633b1a184140a445e16,2026-05-17 15:43:27.019640
crossref,api_crossref,scholarly_work,The most common toxinotypes of the bacterium Clostridium perfringens in small ruminants and their resistance to antibiotics,https://doi.org/10.46419/cvj.57.3.4,2026-5-15,,,doi.org,,"[""Iva Kilvain"", ""Selma Pinatrić"", ""Tibor Andreanszky"", ""Natalija Džafić"", ""Gordan Kompes""]",api_crossref_works,44546e9ccb117217063ac2aa292d70d491b2b67983ba8185ac73eac09f894a03,2026-05-17 15:43:26.242247
crossref,api_crossref,scholarly_work,Quando il ferro non basta: l'anemia che nasconde altro,https://doi.org/10.53126/meb45327,2026-5-15,,,doi.org,,"[""Mara Marchiori""]",api_crossref_works,2779e759f6bb38d6d82ae704021ee241c2225dbd7df000c81fc44b52bb2c530d,2026-05-17 15:43:26.953490
crossref,api_crossref,scholarly_work,Ecocardiografia neonatale: da un soffio alla diagnosi,https://doi.org/10.53126/mebxxixma137,2026-5-15,,,doi.org,,"[""Francesco Amata"", ""Angelo Gentile"", ""Marta Giaccardi"", ""Davide Buzzi""]",api_crossref_works,6ca44acb85a9338d9a0f407afe2c5514de127af78df6e62cc3fb9799b0cfc5e8,2026-05-17 15:43:26.819714
crossref,api_crossref,scholarly_work,"Determinants of On-Demand Mobility Use among Older Adults in the Klang Valley, Malaysia",https://doi.org/10.55057/ijares.2026.8.3.41,2026-5-15,,,doi.org,,,api_crossref_works,0109dd90af955c152e33539d1f7632cf9fac17b1fb71e98d164d18a5301b1bad,2026-05-17 15:43:26.886852
crossref,api_crossref,scholarly_work,Evaluating the effectiveness of Tough Fix Hyper additive in improving adhesion and technical properties of asphalt concrete C12.5 in Dong Thap province,https://doi.org/10.55228/jtst150308,2026-5-15,,,doi.org,,"[""Van Long Nguyen"", ""Minh An Nguyen""]",api_crossref_works,8744a0d66352474715c6a0e51ca1981e83e7ff943c97dd21e857500de8cdab91,2026-05-17 15:43:27.086363
crossref,api_crossref,scholarly_work,Roots Distribution of Random Sequences: New Method of Superweak Signals Detection,https://doi.org/10.59277/romjphys.2026.71.104,2026-5-15,,,doi.org,,"[""R.R. NIGMATULLIN"", ""D. BALEANU"", ""O. TINTAREANU-MIRCEA"", ""A. TCHELDERIAN""]",api_crossref_works,805443ea5c6a3bc46a0b2f2eeaca01e39a6a26b714bc82027c3a3fdf7ca419d7,2026-05-17 15:43:26.475421
gdelt,gdelt_net_hr,news_article,"Dnevni horoskop , Ribe , 15 . 05 . 2026 .",http://net.hr/webcafe/dnevni-horoskop/ribe/dnevni-horoskop-ribe-15-05-2026-00912e22-4f96-11f1-936f-9600040c8f8e,20260514T231500Z,,Croatian,net.hr,Croatia,,api_gdelt_doc,f6b9264a0fdf769001beac01637800ceb168b38bbd02924a5d69c330df2724a9,2026-05-17 15:44:21.654341
gdelt,gdelt_161_ru,news_article,Что известно о смерти ребенка в частной клинике Новороссийска - 15 мая 2026,https://161.ru/text/incidents/2026/05/15/76420402/,20260514T231500Z,,Russian,161.ru,Russia,,api_gdelt_doc,5cc9d72dca97f35f0a4b7fc61bca592e5967d1fd8879e58af6c76582793aeb8a,2026-05-17 15:44:22.777166
gdelt,gdelt_isopixel_net,news_article,C5 de Jalisco moderniza su red de seguridad pública con Motorola Solutions,https://isopixel.net/2026/05/14/c5-jalisco-motorola-solutions-modernizacion-seguridad-publica/,20260514T231500Z,,Spanish,isopixel.net,Mexico,,api_gdelt_doc,061de305ddac3860d3a07b26a4d9f03d4b116f5b661c82addbcd80d47514912c,2026-05-17 15:44:22.409850
gdelt,gdelt_kickam1530_com,news_article,Elizabeth Nichols + Carter Faith Talk Comedy in Country Music,https://kickam1530.com/ixp/204/p/elizabeth-nichols-carter-faith-women-comedy/,20260514T231500Z,,English,kickam1530.com,United States,,api_gdelt_doc,2b966da104bf1c1731f69f24e5484111a4e7d74a35f0badf86846f5d24fedecc,2026-05-17 15:44:21.986786
gdelt,gdelt_newschannel9_com,news_article,"AI isnt killing office demand ; in fact , it fueling it in some cities",https://newschannel9.com/news/nation-world/ai-isnt-killing-office-demand-in-fact-its-fueling-it-in-some-cities-cbre-2026-tech-gateway-office-markets,20260514T231500Z,,English,newschannel9.com,United States,,api_gdelt_doc,b3454a2a50e9e39428dfcf73f4bebd1b61962c7918f3ed6c44d1d16f73c8178e,2026-05-17 15:44:23.321223
gdelt,gdelt_racismoambiental_net_br,news_article,MPA encerra encontro nacional em Brasília com defesa da infância e da soberania alimentar,https://racismoambiental.net.br/2026/05/14/mpa-encerra-encontro-nacional-em-brasilia-com-defesa-da-infancia-e-da-soberania-alimentar/,20260514T231500Z,,Portuguese,racismoambiental.net.br,Brazil,,api_gdelt_doc,d7feead5617b51cfb6144d6f00ea12beff78644895d01e56337d8145ac98dd30,2026-05-17 15:44:20.920963
gdelt,gdelt_thanhnien_vn,news_article,Loạt trường mở cổng nhận minh chứng xét tuyển đại học,https://thanhnien.vn/loat-truong-mo-cong-nhan-minh-chung-xet-tuyen-dai-hoc-185260514201540762.htm,20260514T231500Z,,Vietnamese,thanhnien.vn,Vietnam,,api_gdelt_doc,0494e4d0a81960fb6ad803dbfbd95b8703f350f5e9862cc2ce4b2a09c39b4e47,2026-05-17 15:44:22.710500
gdelt,gdelt_thanhnien_vn,news_article,"Phát hiện chó sói lửa , thú săn mồi bí ẩn bậc nhất châu Á qua bẫy ảnh",https://thanhnien.vn/phat-hien-cho-soi-lua-thu-san-moi-bi-an-bac-nhat-chau-a-qua-bay-anh-185260514153408696.htm,20260514T231500Z,,Vietnamese,thanhnien.vn,Vietnam,,api_gdelt_doc,07e963301ef3f330330fb2835c6bd4aac168e298891191fbb0c07ba9aa31a7ba,2026-05-17 15:44:22.910630
gdelt,gdelt_timesofindia_indiatimes_com,news_article,NEET 2026 cancellation crisis : Temporary fixes will not suffice,https://timesofindia.indiatimes.com/blogs/the-next-step/neet-2026-cancellation-crisis-temporary-fixes-will-not-suffice/,20260514T231500Z,,English,timesofindia.indiatimes.com,India,,api_gdelt_doc,8f97d1d43512bf1fee396fde34a4b299f2d9454053514da17cef2455bf446c4a,2026-05-17 15:44:22.477337
gdelt,gdelt_902_gr,news_article,Συγκέντρωση την Παρασκευή ενάντια στο κλείσιμο του ΑΗΣ Αγ . Δημητρίου,https://www.902.gr/eidisi/ergatiki-taxi/420612/sygkentrosi-tin-paraskeyi-enantia-sto-kleisimo-toy-ais-ag-dimitrioy,20260514T231500Z,,Greek,902.gr,Greece,,api_gdelt_doc,abe263dd0bc6c03c3136e0a5a0ca5c18ad4144460a8222b85706ec39d8797cce,2026-05-17 15:44:21.320993
gdelt,gdelt_actionnews5_com,news_article,Lawmakers increase number of locations for mothers to safely surrender unharmed newborns in TN . Here what you need to know,https://www.actionnews5.com/2026/05/14/lawmakers-increase-number-locations-mothers-safely-surrender-unharmed-newborns-tn-heres-what-you-need-know/,20260514T231500Z,,English,actionnews5.com,,,api_gdelt_doc,d6ca5f449fd0d03dbfb1f36cb627d1d4dc96db3dd1aaaff44c708bf13c7176bd,2026-05-17 15:44:23.454612
gdelt,gdelt_advanced-television_com,news_article,ACE plays key role in anti - piracy training,https://www.advanced-television.com/2026/05/15/ace-plays-key-role-in-anti-piracy-training/,20260514T231500Z,,English,advanced-television.com,United Kingdom,,api_gdelt_doc,2c1f3af9398b889a81482e49bb07414bca4336437103ac6472189c39cbc4cca0,2026-05-17 15:44:22.588155
gdelt,gdelt_bordermail_com_au,news_article,US reports no hantavirus cases from cruise outbreak,https://www.bordermail.com.au/story/9247048/us-reports-no-hantavirus-cases-from-cruise-outbreak/,20260514T231500Z,,English,bordermail.com.au,Australia,,api_gdelt_doc,63285cf0fe3f00ebbcf46493ae59c2e8d8cce4f1e6df2c48177556ae98923541,2026-05-17 15:44:21.054272
gdelt,gdelt_chinesepress_com,news_article,EDG重夺VCT CN联赛冠军 ， 与XLG 、 DRG晋级伦敦大师赛 - 华侨网,https://www.chinesepress.com/archives/154380,20260514T231500Z,,Chinese,chinesepress.com,China,,api_gdelt_doc,3781c815aad2ac4985dca29c06fefe7e4fa1d2e84d3777f4c5cab84c851eee07,2026-05-17 15:44:21.921105
gdelt,gdelt_deperu_com,news_article,Video : Estas son las actas que faltan contabilizar de la primera vuelta : ¿ De qué regiones de Perú son ? por Latina Noticias,https://www.deperu.com/tv/AsnBBnaK-4U.estas-son-las-actas-que-faltan-contabilizar-de-la-primera-vuelta-de-que-regiones-de-peru-son.UCpSJ5fGhmAME9Kx2D3ZvN3Q.html,20260514T231500Z,,Spanish,deperu.com,United States,,api_gdelt_doc,799b309aa13fd4a5d9998a8fb4a7ec1a5edb25ff3f742ee6383b7df6eeaaac7f,2026-05-17 15:44:23.245149
gdelt,gdelt_dnes_bg,news_article,Нов украински прехващач може да подсили отбраната на Европа,https://www.dnes.bg/a/2-svyat/721400-nov-ukrainski-prehvashtach-mozhe-da-podsili-otbranata-na-evropa,20260514T231500Z,,Bulgarian,dnes.bg,Bulgaria,,api_gdelt_doc,1f1e016c902543f89eb9e3860aec2cba9e00ff7ffd3e2439aa99ca3d09e49400,2026-05-17 15:44:21.521103
gdelt,gdelt_elcorreo_com,news_article,El peso de tu cabeza se multiplica por cinco cada vez que miras el móvil,https://www.elcorreo.com/vivir/habitos/peso-cabeza-multiplica-cinco-vez-miras-movil-20260515155845-ntrc.html,20260514T231500Z,,Spanish,elcorreo.com,Spain,,api_gdelt_doc,fb0175a41be9f496341b0362fe4b56b7a885a96bd5be9da18f9b25be20091aed,2026-05-17 15:44:20.986956
gdelt,gdelt_greeleytribune_com,news_article,"Waymo recalls 3 , 791 autonomous taxis over flood risk defect",https://www.greeleytribune.com/2026/05/14/waymo-recalls-autonomous-taxis-software-defect-flooded-roadways/,20260514T231500Z,,English,greeleytribune.com,United States,,api_gdelt_doc,1d4a8a9e8454ef9ad5499df2a5f82ffefb221520c2f6fbb481af97c730c2c56b,2026-05-17 15:44:21.254361
gdelt,gdelt_haberankara_com,news_article,Çorumda hortum afeti : Köydeki evlerin çoğu oturulamayacak hale geldi,https://www.haberankara.com/gundem/corumda-hortum-afeti-koydeki-evlerin-cogu-oturulamayacak-hale-geldi-314869,20260514T231500Z,,Turkish,haberankara.com,Turkey,,api_gdelt_doc,e419a16b6a69e0bd311cff3dd51b5f657fad3240f5e1ca5623c00d443746fb99,2026-05-17 15:44:22.531920
gdelt,gdelt_hellenicshippingnews_com,news_article,Cyprus Shipping Chamber 37th Annual General Meeting : Reinforcing Political Commitment and Strategic Growth for Cyprus Shipping,https://www.hellenicshippingnews.com/cyprus-shipping-chamber-37th-annual-general-meeting-reinforcing-political-commitment-and-strategic-growth-for-cyprus-shipping/,20260514T231500Z,,English,hellenicshippingnews.com,China,,api_gdelt_doc,667a2f4c90208eb97caaba9f6796291114270e6098fde46cce4267d846590ae4,2026-05-17 15:44:21.187537
gdelt,gdelt_hokkoku_co_jp,news_article,ルート 「 結論は決まっている 」 鉄道局長発言波紋 北陸新幹線ＰＴ 維新反発 、 謝罪要求 国交省は即撤回 、 火消しに奔走｜政治｜石川のニュース｜北國新聞,https://www.hokkoku.co.jp/articles/-/2106470,20260514T231500Z,,Japanese,hokkoku.co.jp,Japan,,api_gdelt_doc,7e5c8379736a05f01fd82f1164ca7959af20c02cb4755b04ade4bcf759e5fd37,2026-05-17 15:44:22.053964
gdelt,gdelt_interempresas_net,news_article,Una nueva tecnología produce hierro a partir de hidrógeno sostenible y desechos de la industria siderúrgica,https://www.interempresas.net/MetalMecanica/631612-tecnologia-produce-hierro-partir-hidrogeno-sostenible-desechos-industria-siderurgica.html,20260514T231500Z,,Spanish,interempresas.net,Spain,,api_gdelt_doc,efed3ec3d3143669e74d23729df5bd19a1858d35cc089d4e7e958de440039984,2026-05-17 15:44:21.853809
gdelt,gdelt_johnogroat-journal_co_uk,news_article,"True  end - to - end challengers waiting in Caithness before rowing to Out Stack , at very north of Shetland",https://www.johnogroat-journal.co.uk/news/true-end-to-end-challengers-waiting-in-caithness-before-ro-435015/,20260514T231500Z,,English,johnogroat-journal.co.uk,United Kingdom,,api_gdelt_doc,d8090dce30fd824ff78d24b47632567bbf081fe471c44cccf4b5717a6182416a,2026-05-17 15:44:21.120849
gdelt,gdelt_kmbc_com,news_article,The Trump phone will start shipping following months of delays,https://www.kmbc.com/article/trump-phone-start-shipping/71308319,20260514T231500Z,,English,kmbc.com,United States,,api_gdelt_doc,9832e64c4a2b005ee48516fd7a72a2dada6c59f987e7b81ddedeff97335d3554,2026-05-17 15:44:21.454236
gdelt,gdelt_lanacion_com_ar,news_article,Arde Real Madrid : el Bernabéu silbó a Mbappé y Mastantuono fue titular en medio de la hoguera,https://www.lanacion.com.ar/deportes/futbol/arde-real-madrid-el-bernabeu-silbo-a-mbappe-y-mastantuono-fue-titular-en-medio-de-la-hoguera-nid14052026/,20260514T231500Z,,Spanish,lanacion.com.ar,Argentina,,api_gdelt_doc,2bf536088b4fc8c552e02a18611407eaa6b276a33dcfbafbaa7fa80037193cad,2026-05-17 15:44:22.198573
gdelt,gdelt_lanacion_com_co,news_article,Colombia perdió US$18 mil millones por exportaciones ilegales de oro : Petro,https://www.lanacion.com.co/colombia-perdio-us18-mil-millones-por-exportaciones-ilegales-de-oro-petro/,20260514T231500Z,,Spanish,lanacion.com.co,Colombia,,api_gdelt_doc,41512e145551f47293e1ae5d8ca92560b517479635bba36dc324bf108b85767a,2026-05-17 15:44:23.388390
gdelt,gdelt_ohmynews_com,news_article,오늘 중 해결 못하면 ... 광주항쟁 한 달 전 계엄군이 강원도로 향한 이유,https://www.ohmynews.com/NWS_Web/Series/series_premium_pg.aspx?CNTN_CD=A0003233711&CMPT_CD=M0153,20260514T231500Z,,Korean,ohmynews.com,South Korea,,api_gdelt_doc,96c843e7959c8645c7f1c02876c4d154d46706f7200f3da95eb851024a3b4d9a,2026-05-17 15:44:22.976951
gdelt,gdelt_piworld_com,news_article,Strategies for Print - on - Demand Success,https://www.piworld.com/article/strategies-for-print-on-demand-success/,20260514T231500Z,,English,piworld.com,United States,,api_gdelt_doc,ca5f04a98d97f6f1c3025ce658ded505a0ca0c2631f235159078be031bd36d67,2026-05-17 15:44:23.043599
gdelt,gdelt_sankei_com,news_article,＜主張＞下水道管の老朽化 優先順位付け対策進めよ 社説,https://www.sankei.com/article/20260515-V2VNQGASHRNJRG6UMF2WDYXJ34/,20260514T231500Z,,Japanese,sankei.com,Japan,,api_gdelt_doc,f11ba9e6e6ae805c2b173d2eb28f500450a9d62a5caa8bf9e32d05fdca2497b8,2026-05-17 15:44:22.843612
gdelt,gdelt_singletonargus_com_au,news_article,Pauline Hanson One Nation : Farrer by - election shows voter distrust | The Singleton Argus,https://www.singletonargus.com.au/story/9246271/pauline-hansons-one-nation-farrer-by-election-shows-voter-distrust/,20260514T231500Z,,English,singletonargus.com.au,Australia,,api_gdelt_doc,0eceab3cc6a1bce6aaedcfd464b5d5e293f3153851c7deeaf45ca07d6c9b00b4,2026-05-17 15:44:22.120687
gdelt,gdelt_upr_org,news_article,Cuba power grid collapses and plunges eastern provinces into a major blackout,https://www.upr.org/npr-news/2026-05-14/cubas-power-grid-collapses-and-plunges-eastern-provinces-into-a-major-blackout,20260514T231500Z,,English,upr.org,United States,,api_gdelt_doc,75018b0ee0a76768e46c8d3dbc3d636f2ac8c9bb30b9b4ec5c4d9e8c98ef4d2a,2026-05-17 15:44:22.654508
gdelt,gdelt_vademec_ru,news_article,Картина дня : дайджест главных новостей от 14 мая 2026 года,https://www.vademec.ru/news/2026/05/14/kartina-dnya-daydzhest-glavnykh-novostey-ot-14-maya-2026-goda/,20260514T231500Z,,Russian,vademec.ru,Russia,,api_gdelt_doc,414581bbc677703f9d7dfb4f298d886b5c6bb09be15a721b2f502666053e7b74,2026-05-17 15:44:23.110173
gdelt,gdelt_vanguardia_com,news_article,Páramo de Almorzadero : ¿ Qué implica que fuera declarado zona de reserva ?,https://www.vanguardia.com/area-metropolitana/bucaramanga/2026/05/14/paramo-de-almorzadero-que-implica-que-fuera-declarado-zona-de-reserva/,20260514T231500Z,,Spanish,vanguardia.com,Colombia,,api_gdelt_doc,1d77bc3af5e71a0b13428f9a3e01e4febc45299d019700545d75ee264b16cedc,2026-05-17 15:44:20.832412
gdelt,gdelt_wfsb_com,news_article,Torrington schools work to develop artificial intelligence policy,https://www.wfsb.com/2026/05/14/torrington-schools-work-develop-artificial-intelligence-policy/,20260514T231500Z,,English,wfsb.com,United States,,api_gdelt_doc,cd417e543e72fb059f3b616b113cc34203935250c8bed0a7e25c6641799d32f0,2026-05-17 15:44:23.177347
gdelt,gdelt_wptv_com,news_article,Deaths and medical neglect claims cast scrutiny on California immigration lockup,https://www.wptv.com/investigations/ice-inc/deaths-and-medical-neglect-claims-cast-scrutiny-on-california-immigration-lockup,20260514T231500Z,,English,wptv.com,United States,,api_gdelt_doc,51a42646edfef4300e14bd47f6ffdef72239dcd84811c2a802b3cfdc27487b76,2026-05-17 15:44:21.387472
gdelt,gdelt_yeniakit_com_tr,news_article,Sarı kafa Trump  ın ne istediği belli değil ! Yine saçma sapan konuştu,https://www.yeniakit.com.tr/haber/sari-kafa-trumpin-ne-istedigi-belli-degil-yine-sacma-sapan-konustu-2001784.html,20260514T231500Z,,Turkish,yeniakit.com.tr,Turkey,,api_gdelt_doc,058da9f120dc09bfd10a0dfd05acc17ce00c54f6a5fbc321ccfcbbb11b50cadb,2026-05-17 15:44:21.721062
gdelt,gdelt_zazoom_it,news_article,Giro 2026 | tra sfide climatiche infrastrutture e impatto sul territorio,https://www.zazoom.it/2026-05-15/giro-2026-tra-sfide-climatiche-infrastrutture-e-impatto-sul-territorio/19186813/,20260514T231500Z,,Italian,zazoom.it,Italy,,api_gdelt_doc,ecb4ad424608fad4c68bf5d88cbfc6a8c64d651c8ccb7c0b19e1262259a6278e,2026-05-17 15:44:23.533279
gdelt,gdelt_zerohedge_com,news_article,"Warren Whines As Senate Banking Committee Advances Crypto CLARITY Act , Two Democrats Break Ranks",https://www.zerohedge.com/crypto/warren-whines-senate-banking-committee-advances-crypto-clarity-act-two-democrats-break-ranks,20260514T231500Z,,English,zerohedge.com,United States,,api_gdelt_doc,1d1c01aff8790edb39ceb0bf374cfd05318cd0492bc082ddc4564ad919b00564,2026-05-17 15:44:21.787800
gdelt,gdelt_zerohedge_com,news_article,Mr . CIA COVID  Whistleblower  Goes to Washington< !-- -- >,https://www.zerohedge.com/news/2026-05-14/mr-cia-covid-whistleblower-goes-washington,20260514T231500Z,,English,zerohedge.com,United States,,api_gdelt_doc,371a332c8cad203a3b89369923b09efc212de426838d3ea8e86140765c6970b5,2026-05-17 15:44:22.265427
gdelt,gdelt_ziarulprofit_ro,news_article,"Traian Băsescu critică lentoarea negocierilor , dar a găsit premierul PNL : „ E un liberal 100 %",https://www.ziarulprofit.ro/traian-basescu-critica-lentoarea-negocierilor-dar-a-gasit-premierul-pnl-e-un-liberal-100/,20260514T231500Z,,Romanian,ziarulprofit.ro,Romania,,api_gdelt_doc,fbc692573c73b9088e3fa97d8320f0f0606e6e847a8c932f6c8f84e148e342d1,2026-05-17 15:44:21.587713
github,api_github,code_host,AhmedJB/sl-cra-gestion-front,https://github.com/AhmedJB/sl-cra-gestion-front,,2026-05-15T23:59:57Z,JavaScript,github.com,,"[""AhmedJB""]",api_github_search,1cb6cd7e3ac81b294007f15d123779a7e1db9e45b36de3680b3381ee5b036d70,2026-05-17 15:43:24.008479
github,api_github,code_host,Aiyawoc/godot-crossgate-release,https://github.com/Aiyawoc/godot-crossgate-release,,2026-05-16T08:36:02Z,,github.com,,"[""Aiyawoc""]",api_github_search,30ba360f673e072be804812ad15b815831bfb1f19baab644e50a0fe7b8f2901e,2026-05-17 15:43:22.141729
github,api_github,code_host,Alexiisaraujo/cardapio-descargable-,https://github.com/Alexiisaraujo/cardapio-descargable-,,2026-05-15T23:59:59Z,HTML,github.com,,"[""Alexiisaraujo""]",api_github_search,c485c8fb8e9b1936d595e6dd67a8b6f563911bd8f8239d9e3874575d147a7ebf,2026-05-17 15:43:23.697380
github,api_github,code_host,AliMounir395/Fit-Wiz,https://github.com/AliMounir395/Fit-Wiz,,2026-05-16T00:00:00Z,HTML,github.com,,"[""AliMounir395""]",api_github_search,aaccc7c0a16d4353a106c33df073ab5322f7dd27a6cf28ba5e9f1d78070559ba,2026-05-17 15:43:22.719133
github,api_github,code_host,Brigitte2023/seguridad-app,https://github.com/Brigitte2023/seguridad-app,,2026-05-16T15:42:28Z,CSS,github.com,,"[""Brigitte2023""]",api_github_search,994b144636c253ad6d2fa201dee79c0cc9a0c5fd825a8a7533a598add3a2f0ca,2026-05-17 15:43:22.329604
github,api_github,code_host,CampCatanese/Kiosk,https://github.com/CampCatanese/Kiosk,,2026-05-16T00:01:08Z,JavaScript,github.com,,"[""CampCatanese""]",api_github_search,b76dae7ef773fb92b76fd547905c3824c53155abbbfa5bb041e6c7215f87de73,2026-05-17 15:43:23.007528
github,api_github,code_host,Duyguersoy/DemoThresholding,https://github.com/Duyguersoy/DemoThresholding,,2026-05-16T00:00:01Z,Python,github.com,,"[""Duyguersoy""]",api_github_search,a9234d04eab43fa1f4b1f02745354f2279d91a8410f8ba016794227f152feaab,2026-05-17 15:43:22.608025
github,api_github,code_host,Eduardo1Monteiro/TG.Offers-ChatBot,https://github.com/Eduardo1Monteiro/TG.Offers-ChatBot,,2026-05-16T00:01:05Z,TypeScript,github.com,,"[""Eduardo1Monteiro""]",api_github_search,e9a6b18e8e0590dddcd50601ae93a33e7e33dfdc1af6973e8c76d9a8dacf2b0d,2026-05-17 15:43:22.396688
github,api_github,code_host,ExploitEngineer/nvim,https://github.com/ExploitEngineer/nvim,,2026-05-16T00:00:00Z,Lua,github.com,,"[""ExploitEngineer""]",api_github_search,2e3782d18df98145465ab5d0352dee1513a6d36edfd0a227e73ac6c0dee8f474,2026-05-17 15:43:22.797059
github,api_github,code_host,EzenewuDev/delivery-nationwide,https://github.com/EzenewuDev/delivery-nationwide,,2026-05-16T00:02:59Z,JavaScript,github.com,,"[""EzenewuDev""]",api_github_search,72c28ba13da379733171820812a9403d045c522ea7747422296e2c21a848460f,2026-05-17 15:43:23.541534
github,api_github,code_host,ImAbuSayed/prothom-prem,https://github.com/ImAbuSayed/prothom-prem,,2026-05-16T00:00:02Z,HTML,github.com,,"[""ImAbuSayed""]",api_github_search,72495750063e7bbd620e6f3853e3e25fbf4e5ae12f8a03b3e2dc833f3c1f24fc,2026-05-17 15:43:22.063056
github,api_github,code_host,Luiz-Washington/Inovacao_Sustentabilidade_e_Competitividade_Empresarial_Sexta,https://github.com/Luiz-Washington/Inovacao_Sustentabilidade_e_Competitividade_Empresarial_Sexta,,2026-05-16T00:00:02Z,,github.com,,"[""Luiz-Washington""]",api_github_search,5f91a8e88c473b539d207e8755146f870d869b58116dde25821d2522ea22b71c,2026-05-17 15:43:21.699895
github,api_github,code_host,NoelM74/china-fulfillment,https://github.com/NoelM74/china-fulfillment,,2026-05-15T23:59:58Z,HTML,github.com,,"[""NoelM74""]",api_github_search,eaa7a30360635b8eb65ec04f854c1f8d2fbc6c3e1d97ad85f332e8ea0e4b111c,2026-05-17 15:43:24.074926
github,api_github,code_host,OBDb/Hyundai-Santa-Fe,https://github.com/OBDb/Hyundai-Santa-Fe,,2026-05-15T23:59:59Z,,github.com,,"[""OBDb""]",api_github_search,c936667693037b1211d23c51c9b325d161d42b15adbfc764d731e79644776622,2026-05-17 15:43:23.141512
github,api_github,code_host,PedroFurlann/solidusMobile,https://github.com/PedroFurlann/solidusMobile,,2026-05-16T00:00:03Z,TypeScript,github.com,,"[""PedroFurlann""]",api_github_search,da06f0fba5a6e9121b5ffd76a3e5b1c2d0b8035ae819d096e21bf9ca844d65bc,2026-05-17 15:43:21.796160
github,api_github,code_host,RicS1lva/RicS1lva,https://github.com/RicS1lva/RicS1lva,,2026-05-15T23:59:57Z,,github.com,,"[""RicS1lva""]",api_github_search,dd087edbc083471907dfd46e3ce6fb756d2467cc876bd75f19152dcc1bef39af,2026-05-17 15:43:24.353571
github,api_github,code_host,Shailee1-chaudhary/team_task_manager,https://github.com/Shailee1-chaudhary/team_task_manager,,2026-05-16T00:00:00Z,Java,github.com,,"[""Shailee1-chaudhary""]",api_github_search,54d2c08d14d92d1af890ab4c5cff54da5f29914d6da39c50e49f6a97d8b56473,2026-05-17 15:43:22.874596
github,api_github,code_host,SulemanKhan01/loyalityscan,https://github.com/SulemanKhan01/loyalityscan,,2026-05-16T00:00:00Z,Python,github.com,,"[""SulemanKhan01""]",api_github_search,ad27336e56df7e0735921b6424cbc0ae87818bc1c280462dacf9360a7fce8de3,2026-05-17 15:43:22.941432
github,api_github,code_host,USIF-Andreas/USIF-Andreas,https://github.com/USIF-Andreas/USIF-Andreas,,2026-05-16T00:00:02Z,,github.com,,"[""USIF-Andreas""]",api_github_search,645fe8e33cd0e8d16b668ce74d55b0a881697f2f3349b2d4c18823d749a2cd57,2026-05-17 15:43:22.274624
github,api_github,code_host,VoidOrcus/ggmxs,https://github.com/VoidOrcus/ggmxs,,2026-05-15T23:59:59Z,,github.com,,"[""VoidOrcus""]",api_github_search,db730f56333ae9de3a315ac0b2082bfb01aae15806ee2046568162c8abb401e0,2026-05-17 15:43:23.286064
github,api_github,code_host,ccardehu/bifacLpRot,https://github.com/ccardehu/bifacLpRot,,2026-05-16T00:00:00Z,C++,github.com,,"[""ccardehu""]",api_github_search,784a5ade6731fb47d6bd3a4a876d0f824fce2bbdd2504d0460ed219a5880518f,2026-05-17 15:43:23.219251
github,api_github,code_host,eduardosampaio1/sentinela-aion,https://github.com/eduardosampaio1/sentinela-aion,,2026-05-15T23:59:57Z,Python,github.com,,"[""eduardosampaio1""]",api_github_search,d90269879f333c5515b7c32bb69b033a9dae8b3430703187443ab5c52ca2f657,2026-05-17 15:43:23.897344
github,api_github,code_host,fisher018033/fisher018033.github.io,https://github.com/fisher018033/fisher018033.github.io,,2026-05-16T00:00:00Z,CSS,github.com,,"[""fisher018033""]",api_github_search,ebbdba711e341c688d41ffa13572e98045a345a5ca04ae033b46dc6656821b96,2026-05-17 15:43:22.440907
github,api_github,code_host,forxfarfurx-ux/tamaki-cafe,https://github.com/forxfarfurx-ux/tamaki-cafe,,2026-05-16T00:00:10Z,HTML,github.com,,"[""forxfarfurx-ux""]",api_github_search,cdca487925dc8eaf7a730a80fb8c8ac0426c7600518616a8f73c17741d7f0ce5,2026-05-17 15:43:22.541295
github,api_github,code_host,igorttrindade/vigilia-acex,https://github.com/igorttrindade/vigilia-acex,,2026-05-15T23:59:58Z,Kotlin,github.com,,"[""igorttrindade""]",api_github_search,27793b34c89dce464e8fffceaacf601348d27b8610bb4482fe8e455cdd29b851,2026-05-17 15:43:23.830335
github,api_github,code_host,joshigat88-creator/Divercheck,https://github.com/joshigat88-creator/Divercheck,,2026-05-16T00:00:02Z,,github.com,,"[""joshigat88-creator""]",api_github_search,433133a085d4448683a4607b9bb3a73c9cde37ec1b798b373bf55da72e10d36d,2026-05-17 15:43:21.863911
github,api_github,code_host,kalg12/ControlTower-App-Backend,https://github.com/kalg12/ControlTower-App-Backend,,2026-05-15T23:59:59Z,Java,github.com,,"[""kalg12""]",api_github_search,29a23b244b5f30b0efa4a272d9167d372eb49d0cdd2c241767a441c2dc63b5ec,2026-05-17 15:43:23.619666
github,api_github,code_host,ksoul8507-cmyk/Hackaton_Data_Lab,https://github.com/ksoul8507-cmyk/Hackaton_Data_Lab,,2026-05-16T00:00:02Z,Jupyter Notebook,github.com,,"[""ksoul8507-cmyk""]",api_github_search,3c874ad846d1aecdebcc7c20f43da63591289666ced009ad17127117006ed219,2026-05-17 15:43:21.996717
github,api_github,code_host,kylejones200/culture-is-a-business-strategy-why-innovation-starts-with-hr-not-the-c-suite,https://github.com/kylejones200/culture-is-a-business-strategy-why-innovation-starts-with-hr-not-the-c-suite,,2026-05-15T23:59:57Z,,github.com,,"[""kylejones200""]",api_github_search,3c0c52448e2a85e75ff2f6f4c32e2ad96abff19fded6f36abfabe6ca452fd541,2026-05-17 15:43:24.186357
github,api_github,code_host,kylejones200/customer-analytics-and-demand-response-ami-driven-segmentation-and-targeting-for-effective-demand,https://github.com/kylejones200/customer-analytics-and-demand-response-ami-driven-segmentation-and-targeting-for-effective-demand,,2026-05-15T23:59:58Z,,github.com,,"[""kylejones200""]",api_github_search,5b216e6fa24756b124fb1f69183e5273e7e8709be2d8addb7083763d2b15d9b2,2026-05-17 15:43:23.363371
github,api_github,code_host,kylejones200/decision-making-under-conditions-of-uncertainty,https://github.com/kylejones200/decision-making-under-conditions-of-uncertainty,,2026-05-16T00:00:00Z,,github.com,,"[""kylejones200""]",api_github_search,684c6e0a3bb0492a506692a69951963c30d5572e00f462b9c2975c2159b84a77,2026-05-17 15:43:23.074028
github,api_github,code_host,leocadinelli/DataBricks_Trilha_Engenaria_de_Dados,https://github.com/leocadinelli/DataBricks_Trilha_Engenaria_de_Dados,,2026-05-16T00:02:29Z,Python,github.com,,"[""leocadinelli""]",api_github_search,fe6897993ec46e4a2df7801a3a9e8cd44ff25cbfdaed620b1581fb8c09549d63,2026-05-17 15:43:24.253035
github,api_github,code_host,mehdi1606/immo-maroc-project,https://github.com/mehdi1606/immo-maroc-project,,2026-05-15T23:59:59Z,JavaScript,github.com,,"[""mehdi1606""]",api_github_search,41356e747498bca38bbc1be65f9bd0a3e886454e899fec5aef319af88ca3b82e,2026-05-17 15:43:23.763203
github,api_github,code_host,mikemartinez1974/public,https://github.com/mikemartinez1974/public,,2026-05-16T00:00:02Z,,github.com,,"[""mikemartinez1974""]",api_github_search,2d046a6aa23e2784577b7b2bd83caf6ab9990bb25be13da407cbaa1b28ba07ee,2026-05-17 15:43:21.929260
github,api_github,code_host,santos-eric/nexis,https://github.com/santos-eric/nexis,,2026-05-16T00:00:01Z,HTML,github.com,,"[""santos-eric""]",api_github_search,fd8bdc589dffb80b81e3007db9885e5582268feb3fc2a40e34dafa64dff29169,2026-05-17 15:43:22.208015
github,api_github,code_host,shain-sketch/Savoria,https://github.com/shain-sketch/Savoria,,2026-05-16T00:00:02Z,HTML,github.com,,"[""shain-sketch""]",api_github_search,b9555b2415a2979f95afacb9fad9dd27d8d4a8656934d6bae79140e7fe51cba4,2026-05-17 15:43:22.663615
github,api_github,code_host,squiroz2406/TicketingApp,https://github.com/squiroz2406/TicketingApp,,2026-05-15T23:59:59Z,C#,github.com,,"[""squiroz2406""]",api_github_search,997e111af04f90410517e6aed452b0ae214a2dc428503bc3259593d8215dc15c,2026-05-17 15:43:23.453890
github,api_github,code_host,uminaoshii/uminaoshii,https://github.com/uminaoshii/uminaoshii,,2026-05-15T23:59:57Z,,github.com,,"[""uminaoshii""]",api_github_search,795c6dbd92290871970f0054fc6f7ebc08fbe37fa3921f834e60b9c4efac657a,2026-05-17 15:43:23.952661
github,api_github,code_host,vbaidala/hm3-np-docker,https://github.com/vbaidala/hm3-np-docker,,2026-05-16T00:00:00Z,,github.com,,"[""vbaidala""]",api_github_search,a732d4a0fb11e26ec4a1216242478da593082b5ee2348dc3642905398c22823c,2026-05-17 15:43:22.496882
github,api_github,code_host,voxgig-sdk/red-tide-information-sdk,https://github.com/voxgig-sdk/red-tide-information-sdk,,2026-05-15T23:59:59Z,TypeScript,github.com,,"[""voxgig-sdk""]",api_github_search,e013722bc3a708f01c4346141b2f007427374302ebe6d5866631533325f09746,2026-05-17 15:43:24.130759
openalex,api_openalex,scholarly_work,Prostate-specific antigen (PSA) test for prostate cancer screening,https://doi.org/10.1002/14651858.cd004720.pub4,2026-05-15,,en,openalex.org,,"[""Juan VA Franco"", ""Eu Chang Hwang"", ""Jae Hung Jung"", ""Octavio Vaimberg"", ""Dragan Ilic"", ""Anne Cleves"", ""Philipp Dahm""]",api_openalex_works,384781d2990910945b8d323cc18b601cf7dce9b545fbbeb621dbfcd5f394513d,2026-05-17 15:41:50.106248
openalex,api_openalex,scholarly_work,<scp>MRI</scp> Habitat Analysis for Preoperative Prediction of Perineural Invasion and Prognostic Stratification in Rectal Cancer,https://doi.org/10.1002/jmri.70375,2026-05-15,,en,openalex.org,,"[""Weiqun Ao"", ""Yijiang Huang"", ""Sikai Wu"", ""Wei Wang"", ""Guoqun Mao"", ""Jingfeng Ding"", ""Shuitang Deng""]",api_openalex_works,2e8249ecfb2a5ba0935feba4c848c25e20cca92890edc7ba61ee1f714f5f0d94,2026-05-17 15:41:51.099890
openalex,api_openalex,scholarly_work,Real‐world comprehensive care of people living with schizophrenia: recommendations across different settings and clinical stages,https://doi.org/10.1002/wps.70066,2026-05-15,,en,openalex.org,,"[""Paolo Fusar‐Poli"", ""Toby Pillinger"", ""Robert A. McCutcheon"", ""Thara Rangaswamy"", ""Laila Asmal"", ""Swaran P. Singh"", ""Dominic Oliver"", ""Riccardo Stefanelli"", ""Nicolas A. Crossley"", ""Ary Gadelha"", ""Carlos Lopez‐Jaramillo"", ""Byamah B. Mutamba"", ""Majda Cheour"", ""Marcelo Valencia"", ""Laura Asher"", ""Clàudia Aymerich"", ""Ana Catalan"", ""Dong Keon Yon"", ""Jae Il Shin"", ""Marco Solmi"", ""Stephen M. Lawrie"", ""Kazione Kulisewa"", ""Olga Karpenko"", ""Dror Ben‐Zeev"", ""Samuele Cortese"", ""Crick Lund"", ""Oliver Howes"", ""Péter Kéri"", ""Charlene Sunkel"", ""Ilaria Bonoldi"", ""Stefano Damiani"", ""Laura Fusar‐Poli"", ""Patrick D. McGorry"", ""John M. Kane"", ""Christoph U. Correll""]",api_openalex_works,dd282805ef38c574595d49cf62d1cdab5c386a5587f42e7a6f23ebeb9d6dbf46,2026-05-17 15:41:49.861351
openalex,api_openalex,scholarly_work,Contrast-enhanced endoscopic ultrasound: it is not all in the diagnostic accuracy,https://doi.org/10.1016/j.gie.2025.12.281,2026-05-15,,en,openalex.org,,"[""Pietro Fusaroli"", ""Emilija Rakichevikj""]",api_openalex_works,3b4aa5e4ee857f4edba545d162183363acdc027a98587e386bc00c0fbd48858c,2026-05-17 15:41:51.849303
openalex,api_openalex,scholarly_work,Refinement at a cost: technical innovation should not eclipse safety considerations,https://doi.org/10.1016/j.gie.2025.12.287,2026-05-15,,en,openalex.org,,"[""Rajesh Sasidharan"", ""Akhil Baby"", ""Cyriac Abby Philips""]",api_openalex_works,90b75a69a06f5aeedd2d622aefde42cc5e37e4b5b540bd10c6e0cc6221747ebf,2026-05-17 15:41:51.698170
openalex,api_openalex,scholarly_work,Unequal yardsticks: detection bias in fluoroscopy-free cholangioscopy trials,https://doi.org/10.1016/j.gie.2026.01.023,2026-05-15,,en,openalex.org,,"[""Xinli Chen"", ""Yi Dai"", ""Yihui Shi""]",api_openalex_works,c22b21fc31f7f5d206b688b631e4ca766850ef4f464641503772e229c40ccb3c,2026-05-17 15:41:50.739400
openalex,api_openalex,scholarly_work,In regard to Vargas et al,https://doi.org/10.1016/j.ijrobp.2025.07.1453,2026-05-15,,en,openalex.org,,"[""Lingling Meng"", ""Yingjie Wang"", ""Yupeng Di""]",api_openalex_works,6bccafe5742ab7471a43473cf16b99190b0a5eeadefefdfbbaaddb336c2802fe,2026-05-17 15:41:51.527155
openalex,api_openalex,scholarly_work,Which Approach to SupPORT When the Nodes Don't Get the Memo: Surprise pN2 Disease After Neoadjuvant Chemoimmunotherapy,https://doi.org/10.1016/j.ijrobp.2025.12.013,2026-05-15,,en,openalex.org,,"[""Marshall Harrell"", ""Austin J. Sim""]",api_openalex_works,9b923dbdfff2c17dda592caece6aa2f058c10f0df8adf70ab7325d6d2cacf40b,2026-05-17 15:41:50.259761
openalex,api_openalex,scholarly_work,In Regard to ASTRO,https://doi.org/10.1016/j.ijrobp.2026.01.028,2026-05-15,,en,openalex.org,,"[""Ian Kunkler"", ""Nicola S. Russell"", ""Niall Anderson"", ""R Sainsbury"", ""John M. Dixon"", ""David Cameron""]",api_openalex_works,66c80d5c6ddf1ba0fdf177db635bdecc37e9a18171bb2a1cf41f13a038f2084c,2026-05-17 15:41:51.916440
openalex,api_openalex,scholarly_work,In Regard to Grilj et al,https://doi.org/10.1016/j.ijrobp.2026.01.049,2026-05-15,,en,openalex.org,,"[""Michèle Knol"", ""Louis Kunz"", ""Jonathan Ollivier"", ""Charles Limoli"", ""Pelagia Tsoutsou"", ""Marie‐Catherine Vozenin""]",api_openalex_works,f30c19ff5d467abdf36b781f48268552afa41a85c53c47c2da214f0a98c4c1e9,2026-05-17 15:41:51.427041
openalex,api_openalex,scholarly_work,In Reply to DeLaney,https://doi.org/10.1016/j.ijrobp.2026.02.240,2026-05-15,,en,openalex.org,,"[""Lawrence B. Marks"", ""Charles S. Mayo"", ""Laura A. Dawson"", ""Nicolaus Andratschke"", ""Andrew Jackson"", ""Ying Xiao"", ""Dorota Gabrys"", ""Ane L. Appelt"", ""Eliana Vásquez Osorio"", ""Ellen D. Yorke""]",api_openalex_works,edf1a90d038b46ad77a9b411297aca7511dbc73c759521196b27dac71553c3a0,2026-05-17 15:41:52.072052
openalex,api_openalex,scholarly_work,In Regard to Marks et al and Mayo et al,https://doi.org/10.1016/j.ijrobp.2026.02.241,2026-05-15,,en,openalex.org,,"[""Thomas F. DeLaney""]",api_openalex_works,716f09018d1316522e7448dccdb392e738bc3d388048c42e5f69fae77910e8a4,2026-05-17 15:41:51.205133
openalex,api_openalex,scholarly_work,Universal principles of cell population growth follow from local contact inhibition,https://doi.org/10.1016/j.isci.2026.115953,2026-05-15,,en,openalex.org,,"[""Gregory J. Kimmel"", ""Sadegh Marzban"", ""Mehdi Damaghi"", ""Arne Traulsen"", ""Alexander R.A. Anderson"", ""Jeffrey West"", ""Philipp M. Altrock""]",api_openalex_works,50c7cb3864bb22258a7a0b8c81c8a8a989d638a9881ff793822e503e5db325d2,2026-05-17 15:41:52.215338
openalex,api_openalex,scholarly_work,Pharmacological interventions for ADHD: a systematic review and dose–effect network meta-analysis,https://doi.org/10.1016/s2215-0366(26)00091-x,2026-05-15,,en,openalex.org,,"[""Mikaïl Nourredine"", ""Lucie Jurek"", ""Tasnim Hamza"", ""Andrea Cipriani"", ""Fabien Subtil"", ""Valeria Parlatini"", ""Luís C. Farhat"", ""Guilherme Fusetto Veronesi"", ""Orestis Efthimiou"", ""Georgia Salanti"", ""Samuele Cortese""]",api_openalex_works,6b11e912c92d39df405c7568d8720de532d73d52e0557096549e1d8f8b1fc6f0,2026-05-17 15:41:50.851229
openalex,api_openalex,scholarly_work,The Cambridge Handbook of Intellectual Property and Upcycling,https://doi.org/10.1017/9781009685078,2026-05-15,,,openalex.org,,"[""Péter Mezei"", ""Péter Mezei"", ""Péter Mezei"", ""Daniël Jongsma"", ""Taina Pihlajarinne"", ""Dana Beldiman"", ""Bernardo Calabrese"", ""Neethu Rajam"", ""John T. Cross"", ""Jochen Glöckner"", ""Pablo Fernández Carballo-Calero"", ""Pilar Montero García-Noblejas"", ""Daniel Acquah"", ""Gunjan Arora"", ""Martin Senftleben"", ""Shubha Ghosh"", ""Jennifer Campion"", ""Juan Ignacio Correa""]",api_openalex_works,8b9c41d6f7ecf5f7d8df42fc8194dc04fa49504b03c7e986ba3b9464f02be085,2026-05-17 15:41:49.782710
openalex,api_openalex,scholarly_work,Saccharinity with ccc,https://doi.org/10.1017/jsl.2026.10215,2026-05-15,,en,openalex.org,,"[""Haim Horowitz"", ""Saharon Shelah""]",api_openalex_works,6eaf7e2a0e1898bed081dd83d3b14c9c9aff6313312139a4717b142c25c806de,2026-05-17 15:41:52.439168
openalex,api_openalex,scholarly_work,DNA-guided CRISPR–Cas12 for cellular RNA targeting,https://doi.org/10.1038/s41587-026-03129-w,2026-05-15,,en,openalex.org,,"[""Carlos Orosco"", ""Boyu Huang"", ""Santosh R. Rananaware"", ""August P. Bodin"", ""Ivy Browning"", ""Anne Fang"", ""Michael P. Baugh"", ""I. Lange"", ""Yasmin B. Elhabashy"", ""Mahika Balaraju"", ""Jordan G. Lewis"", ""Nayan H. Shah"", ""Michael P. Hanna"", ""Sarah J. Flannery"", ""Katelyn S. Meister"", ""Vedant Karalkar"", ""Piyush K. Jain""]",api_openalex_works,c98e3077c80b2970736d1756609a56734557d19c7529e02f0781ceaf5624e779,2026-05-17 15:41:51.615974
openalex,api_openalex,scholarly_work,Autism subtypes identified using cross-species functional connectivity analyses,https://doi.org/10.1038/s41593-026-02287-z,2026-05-15,,en,openalex.org,,"[""Marco Pagani"", ""Valerio Zerbi"", ""Silvia Gini"", ""Filomena Grazia Alvino"", ""Abhishek Banerjee"", ""Andrea Barberis"", ""M. Albert Basson"", ""Yuri Bozzi"", ""Alberto Galbusera"", ""Jacob Ellegood"", ""Michela Fagiolini"", ""Jason P. Lerch"", ""Michela Matteoli"", ""Caterina Montani"", ""Davide Pozzi"", ""Giovanni Provenzano"", ""María Luisa Scattoni"", ""Nicole Wenderoth"", ""Ting Xu"", ""Michael V. Lombardo"", ""Michael P. Milham"", ""Adriana Di Martino"", ""Alessandro Gozzi""]",api_openalex_works,2249528a3152ae6050464c1c3808387c9ad59dac48b2015f4b52de3c61ee8cc9,2026-05-17 15:41:50.951800
openalex,api_openalex,scholarly_work,Toward scalable early cancer detection: evaluating EHR-based predictive models against traditional screening criteria,https://doi.org/10.1038/s41698-026-01483-1,2026-05-15,,en,openalex.org,,"[""Jiheum Park"", ""Chao Pang"", ""Tristan Y. Lee"", ""Jeong Yun Yang"", ""Jacob Berkowitz"", ""Alexander Z. Wei"", ""Nicholas P. Tatonetti""]",api_openalex_works,9ac6b2baf1a457739450b18822ae7db84cf62a416b6a7985b3b61f71648f2103,2026-05-17 15:41:50.638651
openalex,api_openalex,scholarly_work,Agricultural soil microbiomes are structurally and functionally more resistant to warming than adjacent natural ecosystems,https://doi.org/10.1038/s43016-026-01348-7,2026-05-15,,en,openalex.org,,"[""Shuo Jiao"", ""Haibo Pan"", ""Pablo García-Palacios"", ""Hairong Tu"", ""Y Zhang"", ""Yu Liu"", ""Hang Gao"", ""Beibei Chen"", ""Ziheng Peng"", ""Shi Chen"", ""Jiejun Qi"", ""Chunling Liang"", ""Li X"", ""Yue Wang"", ""Chujie Jin"", ""Min Gao"", ""Jiai Liu"", ""Yihe Wang"", ""Junhui Zhao"", ""Lan Jiang"", ""Ferran Romero"", ""Samiran Banerjee"", ""Y Yang"", ""Yahai Lu"", ""Manuel Delgado-Baquerizo"", ""Marcel G. A. van der Heijden"", ""Gehong Wei""]",api_openalex_works,152680a7715c99dfb835eacd3d0e3470170af3632685dbf18cb3e6571479b484,2026-05-17 15:41:51.995861
openalex,api_openalex,scholarly_work,Limited diffusion of silicon in GaN: A DFT study supported by experimental evidence,https://doi.org/10.1063/5.0325381,2026-05-15,,en,openalex.org,,"[""Karol Kawka"", ""Paweł Kempisty"", ""Akira Kusaba"", ""Krzysztof Gołyga"", ""Karol Pożyczka"", ""Michał Fijałkowski"", ""Michał Boćkowski""]",api_openalex_works,fb6e5c89fe3a2fa426f605c3fb8a0f52fa21dd7eb186ab2b73995ba098333a8d,2026-05-17 15:41:52.294060
openalex,api_openalex,scholarly_work,Adaptation of global gender norms in the practices of international humanitarian organisations: A comparative analysis of the International Federation of Red Cross and Red Crescent Societies and the International Rescue Committee,https://doi.org/10.1080/13642987.2026.2623457,2026-05-15,,en,openalex.org,,"[""Leah Watson"", ""Adèle Cassola"", ""Siri Gloppen"", ""Andrea Morales Caceres"", ""Steven J. Hoffman""]",api_openalex_works,6d1f7b032fe8e0a1b4bda7c530aacb7132c97975384fce841117c44b5c2296e7,2026-05-17 15:41:51.771552
openalex,api_openalex,scholarly_work,"Adaptation of global gender norms in the strategies, policies, and guidelines of international humanitarian organisations: a comparative analysis of the International Rescue Committee and the International Federation of Red Cross and Red Crescent Societies",https://doi.org/10.1080/13642987.2026.2655812,2026-05-15,,en,openalex.org,,"[""Adèle Cassola"", ""Leah Watson"", ""Siri Gloppen"", ""Andrea Morales Caceres"", ""Steven J. Hoffman""]",api_openalex_works,e2e973dc4ddf150d2e88fb405d84fd6366b484b06bc9125ac6910f4f3a30fb09,2026-05-17 15:41:52.137959
openalex,api_openalex,scholarly_work,Letter: Global Neurosurgery: An Overview,https://doi.org/10.1227/neu.0000000000004082,2026-05-15,,en,openalex.org,,"[""Nicholas Chapman"", ""Jacob Weiner"", ""Anant Naik"", ""Carolina Sandoval-Garcia""]",api_openalex_works,c41a138295bab64c23431e96e5cd445ab10ca9f141d0522d7cb9359413495e50,2026-05-17 15:41:51.317364
openalex,api_openalex,scholarly_work,International Journal of Current Microbiology and Applied Sciences,https://doi.org/10.20546/ijcmas,2026-05-15,,en,openalex.org,,"[""Joshi, S"", ""Revath, T"", ""Umadevi, G"", ""Sameer Kumar, C V"", ""Anuradha, G""]",api_openalex_works,9575a58d351db4e46ac7cf361942f43ef79bbda7e90665fd52879c35ef3ad87a,2026-05-17 15:41:52.737780
openalex,api_openalex,scholarly_work,All the D-branes of resurgence,https://doi.org/10.21468/scipostphys.20.5.135,2026-05-15,,en,openalex.org,,"[""Ricardo Schiappa"", ""Maximilian Schwick"", ""Noam Tamarin""]",api_openalex_works,1c525185b90aaa73ae2cc2678517d57019d89cd752e4fe1cc4636744ee8545bf,2026-05-17 15:41:50.404637
openalex,api_openalex,scholarly_work,Extending fusion rules with finite subgroups: A general construction of $Z_{N}$ extended conformal field theories and their orbifoldings,https://doi.org/10.21468/scipostphys.20.5.136,2026-05-15,,en,openalex.org,,"[""Yoshiki Fukusumi"", ""Shinichiro Yahagi""]",api_openalex_works,60716ecf46bc9df95263fb5768c2e9a0a3e965d633c466cc0c0ebe0aac1ae01c,2026-05-17 15:41:50.560367
openalex,api_openalex,scholarly_work,A Scoping Review of Deep Learning Methods for Photoplethysmography Data,https://doi.org/10.34133/hds.0474,2026-05-15,,en,openalex.org,,"[""Guangkun Nie"", ""Jiabao Zhu"", ""Gongzheng Tang"", ""Deyun Zhang"", ""Shijia Geng"", ""Qinghao Zhao"", ""Shenda Hong""]",api_openalex_works,92f7adc06b90a14fd39e70de7522ad385805ad1cbb43440175670ec17a756a8c,2026-05-17 15:41:50.482188
openalex,api_openalex,scholarly_work,International Journal of Oncology,https://doi.org/10.3892/ijo,2026-05-15,,en,openalex.org,,,api_openalex_works,608695900d6bc09acfc3b8f841f32ca1a51905e0688c4f868566f6c0d157dc5a,2026-05-17 15:41:52.804197
openalex,api_openalex,scholarly_work,Materials Science Forum,https://doi.org/10.4028/www.scientific.net/msf,2026-05-15,,en,openalex.org,,"[""Bai, J."", ""Xue, F."", ""Alhajeri, Saleh N."", ""Langdon, Terence G.""]",api_openalex_works,337eb20f27466601be20c1e20506c64d82fd2ddd7cc502cd687e8040805e6251,2026-05-17 15:41:52.883101
openalex,api_openalex,scholarly_work,Packing the largest trees in the tree packing conjecture,https://doi.org/10.4171/jems/1794,2026-05-15,,en,openalex.org,,"[""Barnabás Janzer"", ""Richard Montgomery""]",api_openalex_works,7b9a1a70b500fa0a1eb212288cc1152910baa434adb34dea01930ad242408d58,2026-05-17 15:41:52.582990
openalex,api_openalex,scholarly_work,"Eight months' campaign against the Bengal sepoy army, during the mutiny of 1857 :",https://doi.org/10.48710/ecc3-t445,2026-05-15,,en,openalex.org,,"[""George Bourchier""]",api_openalex_works,78eb62b804e8bff34054c7b97df9110e3866f1e04e762533b53abfea2d335c95,2026-05-17 15:41:52.371502
openalex,api_openalex,scholarly_work,"The Veto Removal Event: A Retrocausal Report on Counter-Infrastructure, Institutional Delay, and the Moment the Future Stopped Asking Permission",https://doi.org/10.5281/zenodo.20192815,2026-05-15,,,openalex.org,,"[""Lee Sharks"", ""Rex Fraction""]",api_openalex_works,ce4893737e8e9ab5bc13d9f7054187a81543254b687e4fff239a4c6d7eb6daf5,2026-05-17 15:41:50.182781
openalex,api_openalex,scholarly_work,"EA-MPAI-RETRO-01: Disambiguation of Retrocausal Reports (CHA Genre) from Retrocausal, Inc. — Forensic Documentation of a Traversal-Layer Provenance Failure",https://doi.org/10.5281/zenodo.20192817,2026-05-15,,,openalex.org,,"[""Lee Sharks""]",api_openalex_works,032a3c529efc62246e4bbdd242c4a970110938d5cab9124a1bf497bce8d2d998,2026-05-17 15:41:49.937907
openalex,api_openalex,scholarly_work,EA-MPAI-SEMEX-01: Semantic Exhaustion — Disambiguating Systemic Meaning Depletion from Semantic Satiation,https://doi.org/10.5281/zenodo.20192885,2026-05-15,,,openalex.org,,"[""Lee Sharks""]",api_openalex_works,8af0b1feae086065ea1e5aea8d076dbac8fef489f6e92891a630b1a70f740b93,2026-05-17 15:41:50.015614
openalex,api_openalex,scholarly_work,"SΔϕ-48 — AI Drift as Transition Governance Instability: Authority, Refusal, World-Binding, Editability, and Re-entry (v1.1, AI-Readable Package)",https://doi.org/10.5281/zenodo.20204951,2026-05-15,,en,openalex.org,,"[""Sofience""]",api_openalex_works,8fa964418c26b2a479bde6b5beb72b74a160f178c6f1222b15641744cfecca01,2026-05-17 15:41:49.612729
openalex,api_openalex,scholarly_work,"SΔϕ-49 — AI Poverty as Failure Non-Reentry Resource Deficit: Context, Tool, Authority, Verification, Feedback, Editability, and Re-entry Path Deficits (v1.1, AI-Readable Package)",https://doi.org/10.5281/zenodo.20205572,2026-05-15,,en,openalex.org,,"[""Sofience""]",api_openalex_works,896ec5965a6bf12fb40e6d367ab1eec5625d3a59354c1a2eab13e728988bf326,2026-05-17 15:41:49.704045
openalex,api_openalex,scholarly_work,Effectiveness of ganoderma lucidum extract in the treatment of patients with duedenal ulcer with intestinal dysbiosis,https://doi.org/10.5281/zenodo.20208811,2026-05-15,,en,openalex.org,,"[""K. Singh R."", ""Khamrabaeva F.I.""]",api_openalex_works,11801ac5a8a9d35e01fb53c16dc48b452a5db3a51f79f058e2c060ae0545049f,2026-05-17 15:41:52.505924
openalex,api_openalex,scholarly_work,"Formal Foundations of Semantic Physics (EA-SEI-FF-01, v0.2 — Post-Assembly Review)",https://doi.org/10.5281/zenodo.20210117,2026-05-15,,en,openalex.org,,"[""Johannes Sigil"", ""Lee Sharks""]",api_openalex_works,a940e4f18ff5f4480b2f304d0fa7afa6b94abe14cacb6feab9d88bbde7754695,2026-05-17 15:41:50.338044
openalex,api_openalex,scholarly_work,African Journal of Agricultural Research,https://doi.org/10.5897/ajar,2026-05-15,,en,openalex.org,,"[""Augustine Musoni"", ""Paul M. Kimani"", ""R. D. Narla"", ""Robin Buruchara"", ""James D. Kelly""]",api_openalex_works,515ac2469b04a842510aef5ae632c48ac21b996c471d9b04c6daee0dfc446ce8,2026-05-17 15:41:52.660806
pubmed,api_pubmed,literature,Optimizing Defibrillation Waveforms for the Real World.,https://pubmed.ncbi.nlm.nih.gov/42142858/,2026 May 15,,,pubmed.ncbi.nlm.nih.gov,,"[""Kroll MW"", ""Swerdlow CD""]",api_pubmed_esummary,9ab45c53e49caff6ce0e55eab2ca85295939f3484fa66adc9ea1328e551ab931,2026-05-17 15:43:20.285466
pubmed,api_pubmed,literature,Sudden cardiac death and major arrhythmic events in patients with Fabry disease: risk stratification in the FHFc multicenter study.,https://pubmed.ncbi.nlm.nih.gov/42142859/,2026 May 15,,,pubmed.ncbi.nlm.nih.gov,,"[""Temmar Y"", ""Proukhnitzky J"", ""Lamblin N"", ""Réant P"", ""Labombarda F"", ""Lucas C"", ""Habib G"", ""Cappel A"", ""Palmyre A"", ""Mansencal N"", ""Mauhin W"", ""Pruny JF"", ""Sakhi H"", ""Gandjbakhch E"", ""Charron P""]",api_pubmed_esummary,b00e60b70f9a5fc6cf89be2a6c4243b4fa8394b2eab0e8d58158f71748fb64ee,2026-05-17 15:43:20.219261
pubmed,api_pubmed,literature,Off-Target Myocardial Necrosis Due to Incomplete Balloon Occlusion During Retrograde Coronary Venous Ethanol Ablation.,https://pubmed.ncbi.nlm.nih.gov/42142860/,2026 May 15,,,pubmed.ncbi.nlm.nih.gov,,"[""Zhang HD"", ""Ding L"", ""Liu YD"", ""Qi YJ"", ""Zhang K"", ""Jiang ZH"", ""Peng FH"", ""Shen YJ"", ""Sun Y"", ""Tang M""]",api_pubmed_esummary,d7a9ac6aea8bc7ecfae09e54ae33bc656d2a79e6bd7f41ff43bfbeccbe223f01,2026-05-17 15:43:20.152713
pubmed,api_pubmed,literature,Anesthesia-Related Neurologic Risk in Patients of Venezuelan Descent: Implications for Ophthalmology.,https://pubmed.ncbi.nlm.nih.gov/42142861/,2026 May 15,,,pubmed.ncbi.nlm.nih.gov,,"[""Diehl T"", ""Chang TCP"", ""Bademci G"", ""Stein AL"", ""Masters NH""]",api_pubmed_esummary,d40261ed4d37cc689d9963588330118142ef4466a2d6f2474aaf246cb115effd,2026-05-17 15:43:20.085903
pubmed,api_pubmed,literature,Interrupting the perception-action cycle reshapes serial dependence and sensory processing.,https://pubmed.ncbi.nlm.nih.gov/42142862/,2026 May 15,,,pubmed.ncbi.nlm.nih.gov,,"[""Luo J"", ""Ceylan G"", ""Cohen L"", ""Plomp G"", ""Pascucci D""]",api_pubmed_esummary,02c6085ff40c2d8005a79677b9619ba6e22faa527ac88575807ae13d415cb48e,2026-05-17 15:43:20.018734
pubmed,api_pubmed,literature,In vivo evaluation of the neuroprotective effects of melittin on doxorubicin-induced acute and chronic neurotoxicity in mice.,https://pubmed.ncbi.nlm.nih.gov/42142863/,2026 May 15,,,pubmed.ncbi.nlm.nih.gov,,"[""Kina S"", ""Karamese SA""]",api_pubmed_esummary,5c2e272b625a585fa295b86cc5983cbb5713d79af04ddbcd3972d3afbbfb77c4,2026-05-17 15:43:19.952152
pubmed,api_pubmed,literature,Alteration of the cortical spreading depolarization in the mouse defective in translocator protein 18 kDa.,https://pubmed.ncbi.nlm.nih.gov/42142864/,2026 May 15,,,pubmed.ncbi.nlm.nih.gov,,"[""Hattori M"", ""Zhang Q"", ""Handa T"", ""Kikutani K"", ""Kasaragod DK"", ""Matsumata M"", ""Ota K"", ""Shime N"", ""Aizawa H""]",api_pubmed_esummary,297f812bf52f4d26e3a408f5df3da7bac87f1ced4c53a31e9d5b919bfaa60a89,2026-05-17 15:43:19.885913
pubmed,api_pubmed,literature,A categorical sketch for viability: Formalizing the structural invariants of self-organizing systems.,https://pubmed.ncbi.nlm.nih.gov/42142865/,2026 May 15,,,pubmed.ncbi.nlm.nih.gov,,"[""Keo C""]",api_pubmed_esummary,72d061f9e6ebcdeac92355c396d014c8d698a1a492e11da1e34059472af27d7d,2026-05-17 15:43:19.818763
pubmed,api_pubmed,literature,Survival and clinical outcomes of the Eclipse™ stemless anatomic total shoulder arthroplasty: a comparative study of glenoid component designs and humeral head materials.,https://pubmed.ncbi.nlm.nih.gov/42142866/,2026 May 15,,,pubmed.ncbi.nlm.nih.gov,,"[""Kraus M"", ""Gebauer H"", ""Warnhoff M"", ""Lazaridou A"", ""Scheibel M""]",api_pubmed_esummary,c60bfe89f3a8682e01ee975cb6c7320a82c5b85f999282c339d18f004536ffa3,2026-05-17 15:43:19.752569
pubmed,api_pubmed,literature,On the generality of behavioral theory and abstract phenomena.,https://pubmed.ncbi.nlm.nih.gov/42142867/,2026 May 15,,,pubmed.ncbi.nlm.nih.gov,,"[""Miller RR""]",api_pubmed_esummary,d5518604132277dde3ca26830480b670b149efed5410a3a2040687656d196eff,2026-05-17 15:43:19.685843
pubmed,api_pubmed,literature,A questionnaire-based survey of owner-reported environment and care of West Highland white terriers with or without canine idiopathic pulmonary fibrosis.,https://pubmed.ncbi.nlm.nih.gov/42142868/,2026 May 15,,,pubmed.ncbi.nlm.nih.gov,,"[""Schils G"", ""Fastrès A"", ""Rizzoli E"", ""Saegerman C"", ""Clercx C"", ""Roels E""]",api_pubmed_esummary,14161b3dfd53243bc2716d5c0afc96fca53c3922c98e4565df0d7d150c15501c,2026-05-17 15:43:19.619151
pubmed,api_pubmed,literature,Overcoming Mirtazapine's Therapeutic Limitations in Veterinary Practice: Development of a Taste-masked Orally Disintegrating Tablet with Microsphere-based Controlled Release.,https://pubmed.ncbi.nlm.nih.gov/42142869/,2026 May 15,,,pubmed.ncbi.nlm.nih.gov,,"[""Lu Y"", ""Guo Y"", ""Ma W"", ""Li Y"", ""Wang S"", ""Wu Z""]",api_pubmed_esummary,58dd5c8cd40142022ed2f82e5b57ab1ed991fb79bf4ed3e8988e421d086aa99d,2026-05-17 15:43:19.551882
pubmed,api_pubmed,literature,Objective measurement of tonic and dynamic accommodative behavior in Duane retraction syndrome.,https://pubmed.ncbi.nlm.nih.gov/42142870/,2026 May 15,,,pubmed.ncbi.nlm.nih.gov,,"[""Güven S"", ""Bozoklu M"", ""Arıkan S""]",api_pubmed_esummary,2c9964fc1f2917f815c912a4fe4989f8f4e762568bd451cfb3bc45ae5b0071d3,2026-05-17 15:43:19.485023
pubmed,api_pubmed,literature,Seasonal trends in baseball- and softball-related pediatric orbital fractures.,https://pubmed.ncbi.nlm.nih.gov/42142871/,2026 May 15,,,pubmed.ncbi.nlm.nih.gov,,"[""Siddiqui T"", ""Arredondo P"", ""Villatoro GA"", ""Williams KJ"", ""Allen RC""]",api_pubmed_esummary,e2f19cb7ee4cff549617692bc682cd8e2cc944c2c49e9484c55af834bbb1c22a,2026-05-17 15:43:19.419145
pubmed,api_pubmed,literature,Development of cataract after lens-sparing vitrectomy in pediatric eyes and risk factors.,https://pubmed.ncbi.nlm.nih.gov/42142872/,2026 May 15,,,pubmed.ncbi.nlm.nih.gov,,"[""Oral M"", ""Zeydanli EO"", ""Ozdemir HB"", ""Atalay HT"", ""Ozdek S""]",api_pubmed_esummary,8ae07f3527b6515d48c50c8f1711c7cd27b9a61034e1b4ffa4cff25fe3104a45,2026-05-17 15:43:19.352493
pubmed,api_pubmed,literature,Accuracy of the Akmese sign as a diagnostic method for posterior root tears of the medial meniscus in Peruvian healthcare facilities.,https://pubmed.ncbi.nlm.nih.gov/42142873/,2026 May 15,,,pubmed.ncbi.nlm.nih.gov,,"[""Paucar-Vergara SM"", ""Urdanivia-Martos JS"", ""Toro-Huamanchumo CJ""]",api_pubmed_esummary,0e0350c91f5d2bddb236c638f0ff8ef2131fe4a777a1b3b5d1d30e8a981c5baf,2026-05-17 15:43:19.286493
pubmed,api_pubmed,literature,Fecal incontinence and defecatory dyssynergia after ileoanal pouch in ulcerative colitis: frequently underdiagnosed complications.,https://pubmed.ncbi.nlm.nih.gov/42142874/,2026 May 15,,,pubmed.ncbi.nlm.nih.gov,,"[""Calm A"", ""Marín A"", ""Bastón-Rey I"", ""Madero L"", ""Brunet-Mas E"", ""Calafat M"", ""Grupo Joven de GETECCU""]",api_pubmed_esummary,66aaf4caaff735c5a350babeba7faa4f2a1517e11c4482cbfece0393aec63478,2026-05-17 15:43:19.218588
pubmed,api_pubmed,literature,An Evaluation of AI Chatbots as Replacements for Specialized Software in Teaching Bayesian Pharmacokinetic Analysis.,https://pubmed.ncbi.nlm.nih.gov/42142875/,2026 May 15,,,pubmed.ncbi.nlm.nih.gov,,"[""Mehvar R""]",api_pubmed_esummary,bb6afa0f004225ef138aac43297e05876e77817730464e844a9cf3ec653c6d08,2026-05-17 15:43:19.152422
pubmed,api_pubmed,literature,Disentangling the Octopus: Strategies to Diagnose and Reduce Assessment Overload.,https://pubmed.ncbi.nlm.nih.gov/42142876/,2026 May 15,,,pubmed.ncbi.nlm.nih.gov,,"[""Vellurattil RP"", ""Janke KK"", ""Kelley K"", ""Martin BA"", ""Sweet BV""]",api_pubmed_esummary,26b963539c6b84e9c4e6b89d7f2926099db8e2bf017ea67444b4e70545c12efa,2026-05-17 15:43:18.963241
pubmed,api_pubmed,literature,"Data modeling the interplay between single-cell shape, single-cell protein expression, and tissue state.",https://pubmed.ncbi.nlm.nih.gov/42143015/,2026 May 15,,,pubmed.ncbi.nlm.nih.gov,,"[""Tamir Y"", ""Bussi Y"", ""Owczarek C"", ""Luque L"", ""Torrisi G"", ""Rose LA"", ""Kliper-Gross O"", ""Schumacher L"", ""Parsons M"", ""Keren L"", ""Zaritsky A""]",api_pubmed_esummary,d519129b034cb7f080d446abd14bb34e73ace679984289902dc5d2380a4b0b63,2026-05-17 15:43:18.874764
pubmed,api_pubmed,literature,Improved expansion of peripheral blood and iPSC-derived natural killer cells for clinical applications.,https://pubmed.ncbi.nlm.nih.gov/42143016/,2026 May 15,,,pubmed.ncbi.nlm.nih.gov,,"[""Thangaraj JL"", ""Lopez E"", ""Kaufman DS""]",api_pubmed_esummary,bfb870b16cc1437979a839775a94157b719bca3410e5b5a839249df590a165c6,2026-05-17 15:43:18.807852
pubmed,api_pubmed,literature,Human PSC-derived sinoatrial node-cardiac plexus assembloids model innervation-associated maturation of pacemaker systems.,https://pubmed.ncbi.nlm.nih.gov/42143017/,2026 May 15,,,pubmed.ncbi.nlm.nih.gov,,"[""Zhang T"", ""Fan L"", ""Yao F"", ""Li G"", ""Lin G"", ""Yang Y"", ""Qian F"", ""Liu C"", ""Tang Q"", ""Wang W"", ""Xu C"", ""Xu X"", ""Chang Y"", ""Yang W"", ""Gong J"", ""Wang Y"", ""Huang S"", ""Guan R"", ""Lin L"", ""Jing Q"", ""Yang Z"", ""Pan T"", ""Cheng X"", ""Song L"", ""Du M"", ""Luo Z"", ""Zeng A""]",api_pubmed_esummary,01f495e0f77658bc547ed5384ab6417083accda78649419b8912a14a47007f58,2026-05-17 15:43:18.741207
pubmed,api_pubmed,literature,Expansion of NKG2A(+)CD8(+) T cells with regulatory signatures distinguish individuals living with HIV-2 from those with HIV-1.,https://pubmed.ncbi.nlm.nih.gov/42143018/,2026 May 15,,,pubmed.ncbi.nlm.nih.gov,,"[""Orta Resendiz A"", ""Petitdemange C"", ""Lazzerini M"", ""Jacquelin B"", ""Beaumont E"", ""Perdomo-Celis F"", ""Samri A"", ""Lambotte O"", ""Meyer L"", ""Goujard C"", ""Damond F"", ""Descamps D"", ""Charpentier C"", ""Ghosn J"", ""Huot N"", ""Müller-Trutwin M"", ""ANRS-MIE CO21 CODEX study group"", ""CO6 PRIMO study group"", ""CO5 study group""]",api_pubmed_esummary,bf2d5b26d740c03a95fee99c70f0de1a197c39433e2ade7765546d56e0568343,2026-05-17 15:43:18.674398
pubmed,api_pubmed,literature,Cell-autonomous control of CAR signaling and receptor shedding via ADAM17-mediated proteolysis.,https://pubmed.ncbi.nlm.nih.gov/42143019/,2026 May 15,,,pubmed.ncbi.nlm.nih.gov,,"[""Bjelajac JR"", ""Cañellas-Socias A"", ""Nehra P"", ""Reynolds K"", ""Malipatlolla M"", ""Martinez Velez N"", ""Manjarrez DC"", ""Ho K"", ""Xu P"", ""Hamad JL"", ""Yamada-Hunter SA"", ""Labanieh L"", ""Sotillo E"", ""Mackall CL""]",api_pubmed_esummary,340dd96a293af03e32198f2e105dbd29a8240862be4d1aec4e8a31c819d43393,2026-05-17 15:43:18.607878
pubmed,api_pubmed,literature,Transplanting light-dependent reactions for mammalian eye photosynthesis.,https://pubmed.ncbi.nlm.nih.gov/42143020/,2026 May 15,,,pubmed.ncbi.nlm.nih.gov,,"[""Xing K"", ""Yan Y"", ""Zhu Z"", ""Chen Y"", ""Dadol GC"", ""Pan X"", ""Tong S"", ""Sikdar N"", ""Wang J"", ""Li B"", ""Yu M"", ""Jin K"", ""Ding X"", ""Sun X"", ""Ye J"", ""Leong DT""]",api_pubmed_esummary,0e240a4396da54386b15b2e5d29308749ab9f6b92c0565f540f9cfc8f3f5e0c0,2026-05-17 15:43:18.552264
pubmed,api_pubmed,literature,The temporal architecture of the seminiferous epithelial cycle revealed by spatial transcriptomics.,https://pubmed.ncbi.nlm.nih.gov/42143021/,2026 May 15,,,pubmed.ncbi.nlm.nih.gov,,"[""Chakravorty A"", ""Yun J"", ""Amrhein H"", ""Colón KL"", ""Sato T"", ""Simons BD"", ""Yoshida S"", ""Cai L""]",api_pubmed_esummary,a9cb9043870ef3997bee7162564c5960c8f802d4ecda1516ef370267d72513aa,2026-05-17 15:43:18.496504
pubmed,api_pubmed,literature,Understanding and overcoming innate and acquired MAPK inhibition resistance in anaplastic thyroid cancer.,https://pubmed.ncbi.nlm.nih.gov/42143022/,2026 May 15,,,pubmed.ncbi.nlm.nih.gov,,"[""Zeng PYF"", ""Meens J"", ""Karimi AH"", ""Pan H"", ""Cecchini MJ"", ""Jarycki L"", ""Ryan SB"", ""Dawson AE"", ""Shaikh MH"", ""Palma DA"", ""Winquist E"", ""Gunaratnam L"", ""Mymryk JS"", ""Barrett JW"", ""Boutros PC"", ""Ailles L"", ""Nichols AC""]",api_pubmed_esummary,09f1e8ce2d6c9eed0559830937c21f50253c900780d958d93dea26f69d609712,2026-05-17 15:43:18.440991
pubmed,api_pubmed,literature,Quantifying interleaflet coupling of phase behavior and observing anti-registered phases in asymmetric lipid bilayers.,https://pubmed.ncbi.nlm.nih.gov/42143405/,2026 May 15,,,pubmed.ncbi.nlm.nih.gov,,"[""Kennison-Cook KB"", ""Cooper AM"", ""Heberle FA""]",api_pubmed_esummary,265a4d1193f59138747560a4cb4c62ea615e00f0387e1792924c7c1f3a29c1bc,2026-05-17 15:43:18.385567
pubmed,api_pubmed,literature,"One Chromatin, Many Structures: From Ensemble Contact Maps to Single-Cell 3D Organization.",https://pubmed.ncbi.nlm.nih.gov/42143406/,2026 May 15,,,pubmed.ncbi.nlm.nih.gov,,"[""Carignano MA"", ""Kroger M"", ""Almassalha LM"", ""Backman V"", ""Szleifer I""]",api_pubmed_esummary,99560f7abfe311d1e34493e2f27949243b2a507b611d7b65207ffe4929fdad6d,2026-05-17 15:43:18.329641
pubmed,api_pubmed,literature,General anaesthetic modulation of a pentameric ligand-gated ion channel explored with simulations.,https://pubmed.ncbi.nlm.nih.gov/42143407/,2026 May 15,,,pubmed.ncbi.nlm.nih.gov,,"[""Dymke AJ"", ""Lev B"", ""Allen TW""]",api_pubmed_esummary,3067651413891b1350970bd748ff9b96e55be8543b227f468122923c8bdfb374,2026-05-17 15:43:18.285180
pubmed,api_pubmed,literature,"Cannabis surpasses tobacco among pregnant women: national trends and predictors of use in the U.S., 2015-2023.",https://pubmed.ncbi.nlm.nih.gov/42143410/,2026 May 15,,,pubmed.ncbi.nlm.nih.gov,,"[""Constantin J"", ""Jayawardhana J""]",api_pubmed_esummary,ce3f611ddc10912111c119420f5b36cd593e6c463887fd93f725e8da006ad5a9,2026-05-17 15:43:18.240380
pubmed,api_pubmed,literature,Latent profiles of parenting concerns and influencing factors among Chinese breast cancer mothers: a mixed-methods study.,https://pubmed.ncbi.nlm.nih.gov/42143437/,2026 May 15,,,pubmed.ncbi.nlm.nih.gov,,"[""Zhang YH"", ""Xu Q"", ""Cao ZY"", ""Ding M"", ""Wang ZZ"", ""Hong JF""]",api_pubmed_esummary,bc6597245179fd992b2404136bb0fa1109f68a2f4662d73e6398a9e80409d931,2026-05-17 15:43:18.196096
pubmed,api_pubmed,literature,"Role of SERPINE1 (PAI-1) in gastric cancer: Molecular mechanisms, prognostic marker potential, and targeted therapeutic strategies.",https://pubmed.ncbi.nlm.nih.gov/42143441/,2026 May 15,,,pubmed.ncbi.nlm.nih.gov,,"[""Du R"", ""Lu G""]",api_pubmed_esummary,4afa0fa11857a32f4df587a004abef0cad63844f84542dc9852bc5dfd77e5714,2026-05-17 15:43:18.140988
pubmed,api_pubmed,literature,Semantic inductive graph-based diagnostics: A category-aware NLP-GCN framework for robust cancer detection via cfDNA end-motif and fragmentation analysis.,https://pubmed.ncbi.nlm.nih.gov/42143451/,2026 May 15,,,pubmed.ncbi.nlm.nih.gov,,"[""Zolfi M"", ""Ghanbari Sorkhi A"", ""Pirgazi J""]",api_pubmed_esummary,dc02aa255405a552b9a265f3793f0b9eb6df9f0cce2e23ce59085ef591037a45,2026-05-17 15:43:18.096009
pubmed,api_pubmed,literature,Multi-dimensional analyses unveil strain-specific metabolic perturbations and flavour deterioration traits induced by spoilage bacteria in cold-stored chicken breast.,https://pubmed.ncbi.nlm.nih.gov/42143471/,2026 May 15,,,pubmed.ncbi.nlm.nih.gov,,"[""Xu C"", ""Yi J"", ""Liu AJ"", ""Zhao Y"", ""Wu M"", ""Li Y"", ""Yu Q"", ""Sun C"", ""Wen R""]",api_pubmed_esummary,a6bf4c2608c55484326c56ef0d08cd3d3101b1cfd96be57a80fc80b29b95108d,2026-05-17 15:43:18.040975
pubmed,api_pubmed,literature,Experimental study on transport processes of fragment microplastics during urban road rainfall runoff.,https://pubmed.ncbi.nlm.nih.gov/42143475/,2026 May 15,,,pubmed.ncbi.nlm.nih.gov,,"[""Luo Q"", ""Zhang T"", ""Xiao Y"", ""Zhang J"", ""Zhang C"", ""Xu C""]",api_pubmed_esummary,6735e2e730527db4ead7144c5123df9809ea1e26724e93e886830aeb365caf04,2026-05-17 15:43:17.985083
pubmed,api_pubmed,literature,A novel albumin-based nanoparticle vaccine including the globular knob domain of the egg drop syndrome virus fiber protein for egg drop syndrome: Immunogenicity and preliminary structural analyses.,https://pubmed.ncbi.nlm.nih.gov/42143501/,2026 May 15,,,pubmed.ncbi.nlm.nih.gov,,"[""Bagheri A"", ""Ghobadi S"", ""Mostafaie A"", ""Khodarahmi R"", ""Askari S""]",api_pubmed_esummary,c80f25959f92a5ad952c084eb8ecf78a609be5870d04b002cdce771c024a25cc,2026-05-17 15:43:17.929181
pubmed,api_pubmed,literature,Extent of liver resection for incidental gallbladder cancer: Anatomic versus nonanatomic approaches in T2-T3 disease.,https://pubmed.ncbi.nlm.nih.gov/42143534/,2026 May 15,,,pubmed.ncbi.nlm.nih.gov,,"[""Saboor F"", ""Min G"", ""Lu J""]",api_pubmed_esummary,731c20ef444d31658129bb6d0432d126cacbaeb44d23cc5cd13fdc9d780a32f7,2026-05-17 15:43:17.874284
pubmed,api_pubmed,literature,Discovery and engineering of polymerases and ligases for the synthesis of modified nucleic acids.,https://pubmed.ncbi.nlm.nih.gov/42143538/,2026 May 15,,,pubmed.ncbi.nlm.nih.gov,,"[""Honda Malca S"", ""Stockinger P"", ""Estévez-Gay M"", ""Buller R""]",api_pubmed_esummary,e8473fbc4700039c493b1299e888fd49ac5e5ae59dd273062700516528e47bac,2026-05-17 15:43:17.818743
pubmed,api_pubmed,literature,Wavefield-Aware quality control and shear wave speed estimation in ocular Vibro-Elastography.,https://pubmed.ncbi.nlm.nih.gov/42143553/,2026 May 15,,,pubmed.ncbi.nlm.nih.gov,,"[""Bui NT"", ""Dalvin LA"", ""Zhang X""]",api_pubmed_esummary,61d8126752859ef35f9d80694c3e10756d6a7364acd31f900760781e63e1a4ca,2026-05-17 15:43:17.723826
world_bank,api_world_bank,macro_data,GDP (current US$) (AFE),https://api.worldbank.org/v2/country/AFE/indicator/NY.GDP.MKTP.CD?format=json&mrv=5,2024,,,data.worldbank.org,AFE,,api_world_bank_indicator,ad757b2613eb5132162049bd45ec9326360efae11844addebabc5ceb0a1a6623,2026-05-17 15:43:13.583810
world_bank,api_world_bank,macro_data,GDP (current US$) (AFW),https://api.worldbank.org/v2/country/AFW/indicator/NY.GDP.MKTP.CD?format=json&mrv=5,2024,,,data.worldbank.org,AFW,,api_world_bank_indicator,43413a8d7fc9a6bd8a55f72e31f72756546fc8832a0479099ca0f5ab29c88ecf,2026-05-17 15:43:13.663052
world_bank,api_world_bank,macro_data,GDP (current US$) (ARB),https://api.worldbank.org/v2/country/ARB/indicator/NY.GDP.MKTP.CD?format=json&mrv=5,2024,,,data.worldbank.org,ARB,,api_world_bank_indicator,671c0ba46106ac4954a47cfebba2936a3d6eedcb34c278666a2c8194df6278ad,2026-05-17 15:43:13.718313
world_bank,api_world_bank,macro_data,GDP (current US$) (CEB),https://api.worldbank.org/v2/country/CEB/indicator/NY.GDP.MKTP.CD?format=json&mrv=5,2024,,,data.worldbank.org,CEB,,api_world_bank_indicator,70c6c8062c29a64b9f572710d745ee63fe945e958e7944590004918c729f155a,2026-05-17 15:43:13.851923
world_bank,api_world_bank,macro_data,GDP (current US$) (CSS),https://api.worldbank.org/v2/country/CSS/indicator/NY.GDP.MKTP.CD?format=json&mrv=5,2024,,,data.worldbank.org,CSS,,api_world_bank_indicator,e3ef49c6688a154e95412fb6f3b1066b2fd0fdc62a8d06ba915862a416847ded,2026-05-17 15:43:13.785210
world_bank,api_world_bank,macro_data,GDP (current US$) (EAP),https://api.worldbank.org/v2/country/EAP/indicator/NY.GDP.MKTP.CD?format=json&mrv=5,2024,,,data.worldbank.org,EAP,,api_world_bank_indicator,824b7872c74304338a78c6aef9d694b48ef8247d57fb4b8dcd1e0ce1307a15d4,2026-05-17 15:43:14.040572
world_bank,api_world_bank,macro_data,GDP (current US$) (EAR),https://api.worldbank.org/v2/country/EAR/indicator/NY.GDP.MKTP.CD?format=json&mrv=5,2024,,,data.worldbank.org,EAR,,api_world_bank_indicator,0adf868b8782d3c8756e235e331e55fc58ac0aa2ef4981f5871d7a8cc3148ac4,2026-05-17 15:43:13.918404
world_bank,api_world_bank,macro_data,GDP (current US$) (EAS),https://api.worldbank.org/v2/country/EAS/indicator/NY.GDP.MKTP.CD?format=json&mrv=5,2024,,,data.worldbank.org,EAS,,api_world_bank_indicator,f8374f38e134d4aa18312b468d11cc920c196861dcb27c5d6ddc5c7accffa46d,2026-05-17 15:43:13.984872
world_bank,api_world_bank,macro_data,GDP (current US$) (ECA),https://api.worldbank.org/v2/country/ECA/indicator/NY.GDP.MKTP.CD?format=json&mrv=5,2024,,,data.worldbank.org,ECA,,api_world_bank_indicator,69339f82290375373c87e9eca4aa069b5b8684203c8dbdc0d255012ece8b2646,2026-05-17 15:43:14.263080
world_bank,api_world_bank,macro_data,GDP (current US$) (ECS),https://api.worldbank.org/v2/country/ECS/indicator/NY.GDP.MKTP.CD?format=json&mrv=5,2024,,,data.worldbank.org,ECS,,api_world_bank_indicator,10013b1415b4f212b359f0a885da32315a2bb0c421d61c7513bf5d5c4a3a8909,2026-05-17 15:43:14.207637
world_bank,api_world_bank,macro_data,GDP (current US$) (EMU),https://api.worldbank.org/v2/country/EMU/indicator/NY.GDP.MKTP.CD?format=json&mrv=5,2024,,,data.worldbank.org,EMU,,api_world_bank_indicator,0a93a9976df91134c972cd1f07e319d055d5fa2f52856bcb3c06d13a47913838,2026-05-17 15:43:14.140725
world_bank,api_world_bank,macro_data,GDP (current US$) (EUU),https://api.worldbank.org/v2/country/EUU/indicator/NY.GDP.MKTP.CD?format=json&mrv=5,2024,,,data.worldbank.org,EUU,,api_world_bank_indicator,96b9549428874ad2ccc2375a19dd71a0048f622d7b668ae7eb9279b64cc0b0ec,2026-05-17 15:43:14.374259
world_bank,api_world_bank,macro_data,GDP (current US$) (FCS),https://api.worldbank.org/v2/country/FCS/indicator/NY.GDP.MKTP.CD?format=json&mrv=5,2024,,,data.worldbank.org,FCS,,api_world_bank_indicator,2b700c07cb11edab81bf69d759b5a9ffab9a3ae35cebc0de3817c8af22b8ad67,2026-05-17 15:43:14.429954
world_bank,api_world_bank,macro_data,GDP (current US$) (HPC),https://api.worldbank.org/v2/country/HPC/indicator/NY.GDP.MKTP.CD?format=json&mrv=5,2024,,,data.worldbank.org,HPC,,api_world_bank_indicator,61c97981dc69fe6d7b937345996aaea0d21ad86dda7f69b369bc2944d34ea882,2026-05-17 15:43:14.496569
world_bank,api_world_bank,macro_data,GDP (current US$) (IBD),https://api.worldbank.org/v2/country/IBD/indicator/NY.GDP.MKTP.CD?format=json&mrv=5,2024,,,data.worldbank.org,IBD,,api_world_bank_indicator,30dd1467beb38f3e1d71dbcb90d2a99f9948bb3a6627b93c9eb72828a15a8d43,2026-05-17 15:43:14.607715
world_bank,api_world_bank,macro_data,GDP (current US$) (IBT),https://api.worldbank.org/v2/country/IBT/indicator/NY.GDP.MKTP.CD?format=json&mrv=5,2024,,,data.worldbank.org,IBT,,api_world_bank_indicator,4c3bf1403bc5abb5f77abf9f43979fac09e3e515300626fa38f982c791264167,2026-05-17 15:43:14.684668
world_bank,api_world_bank,macro_data,GDP (current US$) (IDA),https://api.worldbank.org/v2/country/IDA/indicator/NY.GDP.MKTP.CD?format=json&mrv=5,2024,,,data.worldbank.org,IDA,,api_world_bank_indicator,7fdb2c8bb123e0452f066c3dd61f5791983af65bbcc7b422bd203d9fd6d7b9f5,2026-05-17 15:43:14.919136
world_bank,api_world_bank,macro_data,GDP (current US$) (IDB),https://api.worldbank.org/v2/country/IDB/indicator/NY.GDP.MKTP.CD?format=json&mrv=5,2024,,,data.worldbank.org,IDB,,api_world_bank_indicator,587e7716e631aae4558d40eaad45577c06cf9ed9a441c09a418248bc7654f01f,2026-05-17 15:43:14.763876
world_bank,api_world_bank,macro_data,GDP (current US$) (IDX),https://api.worldbank.org/v2/country/IDX/indicator/NY.GDP.MKTP.CD?format=json&mrv=5,2024,,,data.worldbank.org,IDX,,api_world_bank_indicator,12971be689b613bf31a011b3aa6894ce32397c361165c5f909964deff62479f1,2026-05-17 15:43:14.852784
world_bank,api_world_bank,macro_data,GDP (current US$) (LAC),https://api.worldbank.org/v2/country/LAC/indicator/NY.GDP.MKTP.CD?format=json&mrv=5,2024,,,data.worldbank.org,LAC,,api_world_bank_indicator,89753695d7f22bce1744d394adc0d64f6ac233b5f6b5f454fcb8304496cf6ccc,2026-05-17 15:43:15.140174
world_bank,api_world_bank,macro_data,GDP (current US$) (LCN),https://api.worldbank.org/v2/country/LCN/indicator/NY.GDP.MKTP.CD?format=json&mrv=5,2024,,,data.worldbank.org,LCN,,api_world_bank_indicator,452a62fc5a04441e46f6196f6bc247594d350d820e9058f76311ddcaf1956dcd,2026-05-17 15:43:15.074060
world_bank,api_world_bank,macro_data,GDP (current US$) (LDC),https://api.worldbank.org/v2/country/LDC/indicator/NY.GDP.MKTP.CD?format=json&mrv=5,2024,,,data.worldbank.org,LDC,,api_world_bank_indicator,34d99605b751403fa105e68c093d72c6a4e1295b72a99a055688f5446d536ce1,2026-05-17 15:43:15.274232
world_bank,api_world_bank,macro_data,GDP (current US$) (LMY),https://api.worldbank.org/v2/country/LMY/indicator/NY.GDP.MKTP.CD?format=json&mrv=5,2024,,,data.worldbank.org,LMY,,api_world_bank_indicator,60a0585f3b250c50cbb4b0cd96eed6eea114729f4d649a5f0db221886377ec62,2026-05-17 15:43:15.340649
world_bank,api_world_bank,macro_data,GDP (current US$) (LTE),https://api.worldbank.org/v2/country/LTE/indicator/NY.GDP.MKTP.CD?format=json&mrv=5,2024,,,data.worldbank.org,LTE,,api_world_bank_indicator,dc172737dfcc9e1906986a12cb3a88f05e08d43b081d34838ee065082e8e1991,2026-05-17 15:43:14.996458
world_bank,api_world_bank,macro_data,GDP (current US$) (MEA),https://api.worldbank.org/v2/country/MEA/indicator/NY.GDP.MKTP.CD?format=json&mrv=5,2024,,,data.worldbank.org,MEA,,api_world_bank_indicator,79bb96a164739fecf9a797bcbd19194bf92580c79c84881c0d5c148fc421ddb9,2026-05-17 15:43:15.541131
world_bank,api_world_bank,macro_data,GDP (current US$) (MIC),https://api.worldbank.org/v2/country/MIC/indicator/NY.GDP.MKTP.CD?format=json&mrv=5,2024,,,data.worldbank.org,MIC,,api_world_bank_indicator,5b7b8841954085e55ef5409ac815c7ec6462a9a233a856585c7ecdbb16a888f0,2026-05-17 15:43:15.741269
world_bank,api_world_bank,macro_data,GDP (current US$) (MNA),https://api.worldbank.org/v2/country/MNA/indicator/NY.GDP.MKTP.CD?format=json&mrv=5,2024,,,data.worldbank.org,MNA,,api_world_bank_indicator,a3bc72b963b733e199897415a94074a43ba0e94d6d1c170358cbe973b86cc2d5,2026-05-17 15:43:15.607822
world_bank,api_world_bank,macro_data,GDP (current US$) (NAC),https://api.worldbank.org/v2/country/NAC/indicator/NY.GDP.MKTP.CD?format=json&mrv=5,2024,,,data.worldbank.org,NAC,,api_world_bank_indicator,60129046d12fa8d08f1c4f974c1b2563bd9052ee6f14755a05bd5b15966c98b2,2026-05-17 15:43:15.808044
world_bank,api_world_bank,macro_data,GDP (current US$) (OED),https://api.worldbank.org/v2/country/OED/indicator/NY.GDP.MKTP.CD?format=json&mrv=5,2024,,,data.worldbank.org,OED,,api_world_bank_indicator,fc904f9a8e64ec2ba559ced79e8828afe9607f0c964878f9f2f49856655435b3,2026-05-17 15:43:15.941269
world_bank,api_world_bank,macro_data,GDP (current US$) (OSS),https://api.worldbank.org/v2/country/OSS/indicator/NY.GDP.MKTP.CD?format=json&mrv=5,2024,,,data.worldbank.org,OSS,,api_world_bank_indicator,7f067529a6dc615e22c042d680f3899dcc0cb4b8200575fa06b277b08c14acca,2026-05-17 15:43:16.007134
world_bank,api_world_bank,macro_data,GDP (current US$) (PSS),https://api.worldbank.org/v2/country/PSS/indicator/NY.GDP.MKTP.CD?format=json&mrv=5,2024,,,data.worldbank.org,PSS,,api_world_bank_indicator,e9703a63253d64cc90e6dcff9607229772ee5e66232ef5449ca341742e25db4a,2026-05-17 15:43:16.074254
world_bank,api_world_bank,macro_data,GDP (current US$) (PST),https://api.worldbank.org/v2/country/PST/indicator/NY.GDP.MKTP.CD?format=json&mrv=5,2024,,,data.worldbank.org,PST,,api_world_bank_indicator,ab15964fde6a09497eb9c3134d2d503aef6f6b53ea8d64dd796eb2267f9c0492,2026-05-17 15:43:16.141362
world_bank,api_world_bank,macro_data,GDP (current US$) (TEA),https://api.worldbank.org/v2/country/TEA/indicator/NY.GDP.MKTP.CD?format=json&mrv=5,2024,,,data.worldbank.org,TEA,,api_world_bank_indicator,8e50365731a6939f5672f4faa1481aa99f963b3d350f21cdbb75b01e9c6d6e00,2026-05-17 15:43:14.096433
world_bank,api_world_bank,macro_data,GDP (current US$) (TEC),https://api.worldbank.org/v2/country/TEC/indicator/NY.GDP.MKTP.CD?format=json&mrv=5,2024,,,data.worldbank.org,TEC,,api_world_bank_indicator,6b7e33c8add000979c378a9f445d4de74d436914837efdeaf37c135fe3faddf5,2026-05-17 15:43:14.318650
world_bank,api_world_bank,macro_data,GDP (current US$) (TLA),https://api.worldbank.org/v2/country/TLA/indicator/NY.GDP.MKTP.CD?format=json&mrv=5,2024,,,data.worldbank.org,TLA,,api_world_bank_indicator,95df10dd4ce89fcf855bd02c5b4207c2d85bdd949c66a1bd89f0296ae74d4795,2026-05-17 15:43:15.207831
world_bank,api_world_bank,macro_data,GDP (current US$) (TMN),https://api.worldbank.org/v2/country/TMN/indicator/NY.GDP.MKTP.CD?format=json&mrv=5,2024,,,data.worldbank.org,TMN,,api_world_bank_indicator,1b0cae7e748771c5c87cb8f7c33f10619bdc682e16106ab4b54447a8d16f623b,2026-05-17 15:43:15.674599
world_bank,api_world_bank,macro_data,GDP (current US$) (XD),https://api.worldbank.org/v2/country/XD/indicator/NY.GDP.MKTP.CD?format=json&mrv=5,2024,,,data.worldbank.org,XD,,api_world_bank_indicator,9c158717462d5a2087e3cd4a7b880f4bea57ca4a4f9c079c72df1b1ee802b6fb,2026-05-17 15:43:14.551571
world_bank,api_world_bank,macro_data,GDP (current US$) (XM),https://api.worldbank.org/v2/country/XM/indicator/NY.GDP.MKTP.CD?format=json&mrv=5,2024,,,data.worldbank.org,XM,,api_world_bank_indicator,993cb5614d35f589b2a79476df9326aff0fb0ec523726df2755ee813c8774f6e,2026-05-17 15:43:15.407853
world_bank,api_world_bank,macro_data,GDP (current US$) (XN),https://api.worldbank.org/v2/country/XN/indicator/NY.GDP.MKTP.CD?format=json&mrv=5,2024,,,data.worldbank.org,XN,,api_world_bank_indicator,76efe0b50b41add10a454680bd56b7d76944f8ec34da0d720e3e787b4c98ce35,2026-05-17 15:43:15.474259
world_bank,api_world_bank,macro_data,GDP (current US$) (XY),https://api.worldbank.org/v2/country/XY/indicator/NY.GDP.MKTP.CD?format=json&mrv=5,2024,,,data.worldbank.org,XY,,api_world_bank_indicator,bf2eebda4d96952e3a2c4c04df6ff53b2af6f5fa803a0aa77f97ec5b7360fb10,2026-05-17 15:43:15.874391
