url_hash,source_id,url,strategy,status,priority,retry_count,last_error_type,last_error_message,first_seen_at,last_seen_at,last_crawled_at,next_crawl_at,content_hash
45131a31a297b59e2a0be32af8435f89ed6795953895ddcd1f6d064c3d1e8c31,reutersagency_com,https://reutersagency.com/who-we-serve/,sitemap_then_article_extract,skipped,100,1,AccessControlDetected,paywall=True login=False captcha=False,2026-05-17 11:35:47.558832,2026-05-17 11:35:47.636449,,,
873969dcd052844e3eb69c4de7aa19b66210b670879a7f4dd36b42081433141f,bbc_com,https://www.bbc.com/arabic/multimedia/2009/08/090826_gn_argentina_drugs_tc2,sitemap_then_article_extract,crawled,100,0,,,2026-05-17 11:35:48.978698,2026-05-17 11:35:49.181294,2026-05-17 11:35:49.181294,,ac72eb1e6cceebfd706449c7a9c76d8b61cefe4cd81320c35ce8f1dce63b5008
f5d699f412a4da660209efe3a34edda668a1a8b0cbdd867e7d5701be5e411361,reutersagency_com,https://reutersagency.com/sheffield-docfest-193,sitemap_then_article_extract,skipped,100,1,AccessControlDetected,paywall=True login=False captcha=False,2026-05-17 11:35:49.537093,2026-05-17 11:35:49.626460,,,
f277623d8247670763c720165e0bdf7b2d025e5ea09d316c72a52149f44fe480,bbc_com,https://www.bbc.com/urdu/pakistan/2009/04/090414_baloch_killing_fz,sitemap_then_article_extract,crawled,100,0,,,2026-05-17 11:35:51.391204,2026-05-17 11:35:51.581903,2026-05-17 11:35:51.581903,,15323988c2c60a74ff576f956ad0dcd451fc445a2640c7bdbfbb5bc7970b749a
bc8ac961e4193a54cb7319a405b57c528abbc3db3e2d3d435440b9c5a6ba23e6,dw_com,https://www.dw.com/de/joachim-gauck/t-17272472,sitemap_then_article_extract,skipped,100,1,AccessControlDetected,paywall=True login=False captcha=True,2026-05-17 11:35:51.980720,2026-05-17 11:35:52.048045,,,
7f413045eac77f5a6251a82351bdd0f28ecc726243ee643836c03716ba8938a7,un_org,https://www.un.org/en,rss_then_article_extract,crawled,100,0,,,2026-05-17 11:35:52.187359,2026-05-17 11:35:54.625803,2026-05-17 11:35:54.625803,,d542ed6cf1dc69d19a68a1ce4b5c32b8ca4795b9d97246368711e91f935f6c34
7917baf9fd58d3f00ae33b343a362fdf1d071554cd34c786236a93393c5e478c,apnews_com,https://apnews.com/snl-cast-samberg-wiig-hader-sudeikis-00000194fb70d399a5f4fbfea53e0000,sitemap_then_article_extract,skipped,100,1,AccessControlDetected,paywall=True login=True captcha=True,2026-05-17 11:35:54.893697,2026-05-17 11:35:54.959315,,,
0e3df5ba4a16ac638eb12d04499a228c3ceddcbaccbb43fc3726ef0acec068d3,apnews_com,https://apnews.com/article/4a8fa2955ef9440fae45097b1962d3d9,sitemap_then_article_extract,skipped,100,1,AccessControlDetected,paywall=True login=True captcha=True,2026-05-17 11:35:55.303578,2026-05-17 11:35:55.393205,,,
2009a61fe13b5b921da5f14128cb1ff18aa2d53449caa3b1084fb91c206d1bad,dw_com,https://www.dw.com/de/angela-merkel/t-17268299,sitemap_then_article_extract,skipped,100,1,AccessControlDetected,paywall=True login=False captcha=True,2026-05-17 11:35:56.396548,2026-05-17 11:35:56.481555,,,
2513f34823c8dedbb762d531ea3e56c816b818040c72a0328b1d6615c31fdd04,un_org,https://www.un.org/en/civil-society/third-united-nations-conference-landlocked-developing-countries-lldc3,rss_then_article_extract,skipped,100,2,AccessControlDetected,paywall=True login=False captcha=False,2026-05-17 11:35:50.082255,2026-05-17 11:57:15.681083,,,
34010a521cf1f0a61c9a58234ed5d46983ce9b9c4ef50811f00aaa69d284a3dd,aljazeera_com,https://www.aljazeera.com/video/newsfeed/2026/5/16/german-police-assault-protesters-at-nakba-anniversary-rally?traffic_source=rss,rss_then_article_extract,crawled,100,1,,,2026-05-17 12:42:44.528423,2026-05-17 12:50:03.899320,2026-05-17 12:50:03.899320,,8d3754693a02747052957672b1bc7184b07ff9d804e3ee95bfb6e3f136009d59
56fdcd385c60ed4f2dc8061620439c498bb49a3b7e8aea77ffb9f7b8bd3db23b,theguardian_com,https://www.theguardian.com/money/2026/may/17/killer-counterfeits-flea-treatments-rushing-to-vet-fake-chemicals,rss_then_article_extract,skipped,100,2,AccessControlDetected,paywall=False login=False captcha=True,2026-05-17 12:42:42.954058,2026-05-17 12:50:04.777565,,,
ce071917ada7075fbcc066af0a0db501694477c1ef69aefb9595bc8837a3b324,aljazeera_com,https://www.aljazeera.com/gallery/2026/5/16/bolivia-launches-early-morning-crackdown-on-roadblocks-outside-la-paz?traffic_source=rss,rss_then_article_extract,crawled,100,1,,,2026-05-17 12:42:45.782280,2026-05-17 12:50:05.132804,2026-05-17 12:50:05.132804,,4bddfb9270126899cc31a44bbb1df843f7526d4888a2d105a05376dca2230848
5dcb63d1826426e3b7003c06a372b6ac9d75a52279a77fbef24b89231ad9dc51,theguardian_com,https://www.theguardian.com/lifeandstyle/2026/may/17/tim-smit-eden-project-chelsea-garden-community-garden-vegetables,rss_then_article_extract,skipped,100,2,AccessControlDetected,paywall=False login=False captcha=True,2026-05-17 12:42:46.806642,2026-05-17 12:50:06.032684,,,
947672f3830726ec88a2f33e992af1042d3c2ab90b1a13701b505c68734ae6be,aljazeera_com,https://www.aljazeera.com/news/liveblog/2026/5/17/iran-war-live-tehran-eyes-tolls-in-hormuz-trump-warns-of-very-bad-time?traffic_source=rss,rss_then_article_extract,crawled,100,1,,,2026-05-17 12:42:47.233812,2026-05-17 12:50:06.878232,2026-05-17 12:50:06.878232,,13a664979a452f4308b6d80006de6935845d1637a46f4ced325ddb1584917781
59855c0db364f61ff4dba75b71422beaf28ca98c1ccdc9f937d6e1b7524c2144,france24_com,https://www.france24.com/en/culture/20260517-bulgaria-s-bangaranga-wins-eurovision-with-israel-second,rss_then_article_extract,crawled,100,1,,,2026-05-17 12:42:47.467235,2026-05-17 12:50:08.199816,2026-05-17 12:50:08.199816,,abdfda79e264bd105b6d5a8e97c687cef25625a6290303958017c3dd3b3206f4
3b598fac98ebdd24229e9d468e0f77121ef7aaa50cd90ad5c9ecd9eeca9d5a56,aljazeera_com,https://www.aljazeera.com/video/newsfeed/2026/5/17/aje-onl-nf_clip-iraqs-new-pm-al-zaidi-formally-takes-over-160526?traffic_source=rss,rss_then_article_extract,crawled,100,1,,,2026-05-17 12:42:49.220283,2026-05-17 12:50:08.622736,2026-05-17 12:50:08.622736,,ba08006b3063da81203c3b717a3a66c4893237a351b93f4a1635846ae009890b
d496a30c05d872ca62db54fa3498dd22333611e4b853a79e4b22c373bb835e14,theguardian_com,https://www.theguardian.com/lifeandstyle/2026/may/17/secrets-of-the-body-stress,rss_then_article_extract,skipped,100,2,AccessControlDetected,paywall=False login=False captcha=True,2026-05-17 12:42:49.001012,2026-05-17 12:50:09.443857,,,
102b18e59cddf4c39e2675aeb3ffe948f085b2c941a9b8361862ef51b550b9db,france24_com,https://www.france24.com/en/middle-east/20260517-middle-east-live-uss-ford-returns-from-iran-war-after-longest-deployment-since-vietnam,rss_then_article_extract,crawled,100,1,,,2026-05-17 12:42:49.551929,2026-05-17 12:50:10.189554,2026-05-17 12:50:10.189554,,bddafc8bcf66353e3071b408e29f6fa571a22699d058c4adcb3e710cbd0e1135
04583e1f1da8ebd6ce1ba5db8353156fa353c128d4dbc15c7d79dba8a12d250e,aljazeera_com,https://www.aljazeera.com/video/newsfeed/2026/5/17/tunisians-rally-amid-economic-crisis-and-political-arrests?traffic_source=rss,rss_then_article_extract,crawled,100,1,,,2026-05-17 12:42:50.638479,2026-05-17 12:50:11.211250,2026-05-17 12:50:11.211250,,473224254f4a92d057550c23506091e8d0548acd1b97555e3e34dc191c0b8672
e788b8ef32417c4254c13a6cd2b2cfccfb938c4d4fe1ba7d3d2e73f98dbf5c96,theguardian_com,https://www.theguardian.com/tv-and-radio/2026/may/17/tv-tonight-timothy-spalls-hit-mystery-comedy-returns,rss_then_article_extract,skipped,100,2,AccessControlDetected,paywall=False login=False captcha=True,2026-05-17 12:42:52.746898,2026-05-17 12:50:11.499866,,,
6ce8c252e451575f83ca0d79df174a735580c949e9603464887a4d79cd569b34,france24_com,https://www.france24.com/en/video/20260517-is-a-chinese-invasion-of-taiwan-imminent,rss_then_article_extract,failed,100,2,ShortContent,length=248 min=300,2026-05-17 12:42:51.481236,2026-05-17 12:50:12.100518,,,
c8149a2104c3ffd52790743d45e1d83567e7b414fea8dbfd9463aabcbfaed174,aljazeera_com,https://www.aljazeera.com/video/newsfeed/2026/5/17/aje-onl-nf_clip-led-by-donkeys-hijack-far-right-rally-160526?traffic_source=rss,rss_then_article_extract,crawled,100,1,,,2026-05-17 12:42:52.029605,2026-05-17 12:50:13.377881,2026-05-17 12:50:13.377881,,576d4ea9f46118446a4893a74495959b151136f39eefec23b0db1e56ac4b5013
a6f11c60eb1695e901bffc560a54afa9647a4f1ed8607c7cf6ec7169323174d6,france24_com,https://www.france24.com/en/europe/20260517-ukraine-launches-more-than-500-drones-at-russia-in-deadly-overnight-attack-authorities-say,rss_then_article_extract,crawled,100,2,,,2026-05-17 11:35:51.077479,2026-05-17 12:50:13.556349,2026-05-17 12:50:13.556349,,69427ab6b57ff28dbe644a34ae18bef90aea54f013fd5afbbfb52317bd80ba4e
2c042b78125326b628f17ca14eee2d52ac2f696a259d642eaad98fb9690835ea,aljazeera_com,https://www.aljazeera.com/video/newsfeed/2026/5/17/algerias-usm-alger-beat-egypts-zamalek-to-win-caf-cup?traffic_source=rss,rss_then_article_extract,crawled,100,1,,,2026-05-17 12:42:53.474904,2026-05-17 12:50:14.022495,2026-05-17 12:50:14.022495,,63651dd995a802a38759421d3c688f11ec093019bb99960548729aee545051dd
eeb790276e1e7948836a2ad7dfd17f9bd1de5d07af241e4e0a2b2e622bb26ad1,theguardian_com,https://www.theguardian.com/business/2026/may/17/jaguar-land-rover-general-motors-military-contract-trucks,rss_then_article_extract,skipped,100,2,AccessControlDetected,paywall=False login=False captcha=True,2026-05-17 12:42:53.958022,2026-05-17 12:50:14.867609,,,
878d31c516325be418b265ba9f353eba87798774d669e558c3d113d59459be32,france24_com,https://www.france24.com/en/bulgaria-s-bangaranga-wins-eurovision-with-israel-second,rss_then_article_extract,failed,100,4,ShortContent,length=214 min=300,2026-05-17 11:35:54.793714,2026-05-17 12:50:15.622159,,,
d971eda7ebd3c7b510d018fd578488bb9b43d76930588e3cea7cf74aadf5eaca,theguardian_com,https://www.theguardian.com/uk-news/2026/may/17/yvette-cooper-palestine-action-article-despite-cps-warning-trial,rss_then_article_extract,skipped,100,2,AccessControlDetected,paywall=False login=False captcha=True,2026-05-17 12:42:56.237415,2026-05-17 12:50:16.378759,,,
6c389376bc9ccd0876f77dffe6fb66d1e2c6f4eda18536c17a74bf3c5bf20a0d,aljazeera_com,https://www.aljazeera.com/sports/2026/5/17/ronda-rousey-vs-gina-carano-fight-rousey-wins-with-a-17-second-submission?traffic_source=rss,rss_then_article_extract,crawled,100,1,,,2026-05-17 12:42:55.098598,2026-05-17 12:50:16.656021,2026-05-17 12:50:16.656021,,9278ece99ce707b32a0be0ec9b51c7e7fd57579ba0339c69df5de4869f69f07c
8b8d8ee200da2ffd02da87792633d7c0c409d2f2374a7de6891c3e1799a85a4b,france24_com,https://www.france24.com/en/asia-pacific/20260517-the-week-in-pictures-trump-in-china-cannes-festival-philippine-senate-shooting,rss_then_article_extract,crawled,100,1,,,2026-05-17 12:42:57.215700,2026-05-17 12:50:17.678908,2026-05-17 12:50:17.678908,,feaf66faf391e3ac23e3901f028da4495254b22761c6524366b823bf992086d7
70383966acf8bb5f97855327760e190b701c5bb11d2481ad91bbdedd81b24886,aljazeera_com,https://www.aljazeera.com/video/newsfeed/2026/5/17/timmy-the-rescued-humpback-whale-confirmed-dead?traffic_source=rss,rss_then_article_extract,crawled,100,1,,,2026-05-17 12:42:57.101842,2026-05-17 12:50:18.233925,2026-05-17 12:50:18.233925,,07c9b28521adf91f69ba739ef38cbe0ae802e07f361576649b164b250a0c300e
248ded4e26c115e5071d6d2a81aa4a4599e9c69fceb2a99b60a02427e29427f8,theguardian_com,https://www.theguardian.com/society/2026/may/17/disposable-vapes-suez-uk,rss_then_article_extract,skipped,100,2,AccessControlDetected,paywall=False login=False captcha=True,2026-05-17 12:42:58.120057,2026-05-17 12:50:18.700183,,,
6d9be44766e9823b3e15fa6429d3e1cc15985ab5a4366b94de262ac67623b6f3,france24_com,https://www.france24.com/en/tv-shows/sports/20260517-manchester-city-see-off-chelsea-in-fa-cup-final-and-keep-treble-dream-alive,rss_then_article_extract,crawled,100,1,,,2026-05-17 12:42:59.427887,2026-05-17 12:50:19.177994,2026-05-17 12:50:19.177994,,d66979a6c3b4ebb1fc8d3eb925089be8a639229a3f11dba5acf71186e745e7a4
a211477f9379c469e7f06d4f3c966545ed3e4d97e9ae2d2f8d155d107b682def,aljazeera_com,https://www.aljazeera.com/sports/2026/5/17/fifa-holds-positive-talks-with-iranian-football-officials-on-world-cup?traffic_source=rss,rss_then_article_extract,crawled,100,2,,,2026-05-17 11:35:47.212958,2026-05-17 12:50:19.800736,2026-05-17 12:50:19.800736,,78b16240f152f0ff80bce138acca74ae5dcd8c920cc4d8de23a0b51547d109d3
1fc0728377222d568b4b0d2e6c74a86b1b2ef94c48caf340534dd316b60d07ab,france24_com,https://www.france24.com/en/bulgaria-wins-the-70th-eurovision-song-contest-with-bangaranga,rss_then_article_extract,failed,100,2,ShortContent,length=219 min=300,2026-05-17 12:43:01.365604,2026-05-17 12:50:20.377725,,,
006bf9ec4b530dfc7356e0cfc81e75c6684e223b55f28ad2215f04bb422162d8,theguardian_com,https://www.theguardian.com/football/2026/may/17/xabi-alonso-confirmed-as-chelsea-manager-on-four-year-contract,rss_then_article_extract,skipped,100,1,AccessControlDetected,paywall=False login=False captcha=True,2026-05-17 12:50:20.577546,2026-05-17 12:50:20.678785,,,
e4b53d79d6d8a46059bd25f2d51289db31783d752b0108f94491656353fc284b,theguardian_com,https://www.theguardian.com/politics/live/2026/may/17/labour-leadership-keir-starmer-andy-burnham-wes-streeting-uk-politics-live,rss_then_article_extract,skipped,100,2,AccessControlDetected,paywall=False login=False captcha=True,2026-05-17 12:43:00.304226,2026-05-17 12:50:21.966948,,,
3cafb6855dfba06ac8d7209b0e113ea85811bc4da213ff84853d244f38207895,aljazeera_com,https://www.aljazeera.com/news/2026/5/17/who-declares-ebola-outbreak-in-dr-congo-uganda-a-global-health-emergency?traffic_source=rss,rss_then_article_extract,crawled,100,2,,,2026-05-17 11:35:48.741071,2026-05-17 12:50:22.222616,2026-05-17 12:50:22.222616,,539e8e19b1f62e19de7dbd6b763ff9677e52a9057b60120730ce035ae713c1e7
68b2bb379ad5d813aa8a642026d188244ee48650f917bbd13c01ee5673b82e2e,france24_com,https://www.france24.com/en/uk-pm-keir-starmer-under-pressure-to-reseign,rss_then_article_extract,failed,100,2,ShortContent,length=199 min=300,2026-05-17 12:43:03.748173,2026-05-17 12:50:22.401050,,,
39306696bc895e505c67cf15fac21d8ab0747c7fa34610b9fe21c70979701d8c,theguardian_com,https://www.theguardian.com/music/2026/may/17/harry-styles-together-together-tour-genuinely-charismatic-performer-amsterdam-live-concert-review,rss_then_article_extract,skipped,100,2,AccessControlDetected,paywall=False login=False captcha=True,2026-05-17 12:43:01.707057,2026-05-17 12:50:23.711706,,,
67b75e32df20016e94a6e9d85bb8a914b69b9fe32b1589caae35425356119125,aljazeera_com,https://www.aljazeera.com/news/2026/5/17/iran-war-day-79-tehran-to-unveil-hormuz-toll-plan-israel-bombs-lebanon?traffic_source=rss,rss_then_article_extract,crawled,100,1,,,2026-05-17 12:43:03.030037,2026-05-17 12:50:24.212323,2026-05-17 12:50:24.212323,,bfd4cd36139cd31ec15677a231aab457920c3aa2d56e31ad837e630236c8812f
406d8ef7c6467c2af16bb9404ae2f4cc67a21122fef702e920e8ff9e6d2cea4b,france24_com,https://www.france24.com/en/200-000-reward-to-catch-monica-witt-wanted-on-espionage-charges-in-iran,rss_then_article_extract,failed,100,2,ShortContent,length=237 min=300,2026-05-17 12:43:05.241292,2026-05-17 12:50:24.534085,,,
807a01dd933348d9ba85f7096a64411fd3dd362fc8b70a2645ed5f0970105c77,theguardian_com,https://www.theguardian.com/us-news/2026/may/16/california-turtle-trafficking,rss_then_article_extract,skipped,100,2,AccessControlDetected,paywall=False login=False captcha=True,2026-05-17 12:43:04.059810,2026-05-17 12:50:25.412345,,,
4c2f08da3b1de0ea5874bc5ec68262e72706823e8c425a48711b09ce4462e051,france24_com,https://www.france24.com/en/health/20260517-who-declares-global-health-emergency-over-ebola-outbreak-in-congo-and-uganda,rss_then_article_extract,crawled,100,1,,,2026-05-17 12:43:07.200760,2026-05-17 12:50:25.723012,2026-05-17 12:50:25.723012,,b02e8ebf8cf2c14e64dc5451a9c399b89d9f76306ebfc2e4ec418937fd522953
5578b4357b49a1e4febf7a139bdb564745c488751aeb448e537c58ec9dc199a7,aljazeera_com,https://www.aljazeera.com/news/2026/5/17/could-a-leadership-change-undo-israels-international-isolation?traffic_source=rss,rss_then_article_extract,crawled,100,1,,,2026-05-17 12:43:05.028444,2026-05-17 12:50:26.179174,2026-05-17 12:50:26.179174,,7d14eea1681ffbecbbd41a88145304aea42f061847bde93fbf299a86f7399a26
29a635f62962c1197796bbd95ee807b6fba2ecb122de8fa90635410b74390a32,theguardian_com,https://www.theguardian.com/world/2026/may/16/israeli-strikes-southern-lebanon-hours-after-extension-of-ceasefire,rss_then_article_extract,skipped,100,2,AccessControlDetected,paywall=False login=False captcha=True,2026-05-17 12:43:05.765304,2026-05-17 12:50:26.677653,,,
f86e69f5ddf4fe4ffbd80c45108fdf373bd1b1a1c711851ce23f4992d4dbc48e,france24_com,https://www.france24.com/en/uk-tens-of-thousands-march-in-london-in-two-separate-protests,rss_then_article_extract,failed,100,2,ShortContent,length=216 min=300,2026-05-17 12:43:09.291092,2026-05-17 12:50:27.955834,,,
1282745fe51b743a88a2192af0fafe71e725e182ed2d6ff828a76c4ea47becdd,aljazeera_com,https://www.aljazeera.com/news/2026/5/17/indias-tata-and-dutch-giant-asml-sign-semiconductor-deal-during-modi-visit?traffic_source=rss,rss_then_article_extract,crawled,100,2,,,2026-05-17 11:57:14.613608,2026-05-17 12:50:28.300328,2026-05-17 12:50:28.300328,,53adc30737ae8d9fe1e6317d40ad912d35b784f542e93dd919c478675624ecf6
838e3139bac20bad4db8f373eb27329cda5b5e0694144a924adb3776f2688d48,theguardian_com,https://www.theguardian.com/us-news/2026/may/17/federal-funding-trump-ballroom-jeopardy-senate-ruling,rss_then_article_extract,skipped,100,2,AccessControlDetected,paywall=False login=False captcha=True,2026-05-17 12:43:07.869291,2026-05-17 12:50:28.546013,,,
48e1b3264cde0f686264966e2359daf9cc96df9d6810526ababa49e057530ccf,aljazeera_com,https://www.aljazeera.com/features/2026/5/17/modest-fashions-global?traffic_source=rss,rss_then_article_extract,crawled,100,1,,,2026-05-17 12:43:08.384565,2026-05-17 12:50:29.399965,2026-05-17 12:50:29.399965,,fdd11855d3e1bc68924ce92ffa25605a49afca86ced71a63fe744ec9ec18f951
6c5772d69cf0dcab0d315cc6f3977135dec95ec92d31a9358bb9edd61ce712c1,france24_com,https://www.france24.com/en/middle-east-israel-attacks-south-lebanon-day-after-ceasefire-extension,rss_then_article_extract,failed,100,1,ShortContent,length=230 min=300,2026-05-17 12:50:29.632138,2026-05-17 12:50:29.801143,,,
a816dc4cb145ce594ed67584dae977ecfdb407f3f64e766ca1d1ef02fbd51f56,theguardian_com,https://www.theguardian.com/world/2026/may/17/a-place-for-everybody-stockholm-to-open-its-first-publicly-run-sauna,rss_then_article_extract,skipped,100,2,AccessControlDetected,paywall=False login=False captcha=True,2026-05-17 12:43:10.056188,2026-05-17 12:50:30.611167,,,
08a73bf63e4fc51b0a91414ac74c96bcf32b9c657da94f1ac9acad1d65411664,theguardian_com,https://www.theguardian.com/commentisfree/2026/may/17/why-brooklyn-beckham-is-bear-with-me-a-brilliant-role-model,rss_then_article_extract,skipped,100,2,AccessControlDetected,paywall=False login=False captcha=True,2026-05-17 12:43:12.009215,2026-05-17 12:50:32.878434,,,
a0004b6ea41da1749299de20bdbaa4e0ca264d64976f6d5e0de6dd6f28978d1b,theguardian_com,https://www.theguardian.com/commentisfree/2026/may/17/plaid-cymru-inclusive-nationalism-reform-wales-senedd,rss_then_article_extract,skipped,100,2,AccessControlDetected,paywall=False login=False captcha=True,2026-05-17 12:43:14.204945,2026-05-17 12:50:34.601313,,,
2329ad2e809155af6e97ee90c5894d021f613c3d5ea034979780d61907cbeb5f,theguardian_com,https://www.theguardian.com/commentisfree/2026/may/17/hope-horizon-trump-netanyahu-putin-powers-waning,rss_then_article_extract,skipped,100,2,AccessControlDetected,paywall=False login=False captcha=True,2026-05-17 12:43:15.907546,2026-05-17 12:50:36.678595,,,
0563af7c0d7a14dfeb9a066cb481cd18b39226a80efc26ee93cd6e73fc2d2d74,theguardian_com,https://www.theguardian.com/membership/2026/may/17/journalism-has-never-been-a-more-dangerous-pursuit,rss_then_article_extract,skipped,100,2,AccessControlDetected,paywall=False login=False captcha=True,2026-05-17 12:43:17.960205,2026-05-17 12:50:38.412570,,,
164396bdb07a06cec663fbc8d30a87f84ab2ad8be9e05b6a4c1a027465dda816,theguardian_com,https://www.theguardian.com/sport/2026/may/16/aaron-rodgers-steelers-return-contract,rss_then_article_extract,skipped,100,2,AccessControlDetected,paywall=False login=False captcha=True,2026-05-17 12:43:19.780311,2026-05-17 12:50:39.665289,,,
be8c3f41370456c8711e51154bfeb4fc4508da3d1a441353c560d4dd3fbb8a6c,theguardian_com,https://www.theguardian.com/sport/2026/may/17/alex-smalley-two-shot-lead-us-pga-championship-third-round-golf,rss_then_article_extract,skipped,100,2,AccessControlDetected,paywall=False login=False captcha=True,2026-05-17 12:43:21.168708,2026-05-17 12:50:41.767370,,,
9528926ebee5804f9a5bb485622004b1c41c277a05ccc05b56a06cf50b86fc02,theguardian_com,https://www.theguardian.com/football/live/2026/may/17/fa-cup-final-scottish-premiership-wsl-reaction-premier-league-buildup-matchday-live,rss_then_article_extract,skipped,100,2,AccessControlDetected,paywall=False login=False captcha=True,2026-05-17 12:43:23.312516,2026-05-17 12:50:44.079318,,,
d40bec9963e2abfaf6c92af713114c76a910a6a9ecabfe6401e351500d266fe9,theguardian_com,https://www.theguardian.com/lifeandstyle/2026/may/17/taken-for-fool-by-family-over-mum-annalisa-barbieri,rss_then_article_extract,skipped,100,2,AccessControlDetected,paywall=False login=False captcha=True,2026-05-17 12:43:25.306950,2026-05-17 12:50:45.412178,,,
b449897018d4c7e02d06b4a90182d33ff358de35f4728c124b2316e09b10f009,theguardian_com,https://www.theguardian.com/film/2026/may/17/ken-loach-your-party-infighting-jeremy-corbyn-zarah-sultana,rss_then_article_extract,skipped,100,2,AccessControlDetected,paywall=False login=False captcha=True,2026-05-17 12:43:26.838228,2026-05-17 12:50:47.189591,,,
0b05d0a2951938571b7eb706bf57c6341ade34c464c8a7124366d201ca8da4b5,theguardian_com,https://www.theguardian.com/politics/2026/may/17/it-was-always-the-way-to-vote-labour-here-partys-proud-welsh-heartland-makes-a-clean-break-of-it,rss_then_article_extract,skipped,100,2,AccessControlDetected,paywall=False login=False captcha=True,2026-05-17 12:43:27.665517,2026-05-17 12:50:49.467976,,,
3c88786bd42666ff4791c1809101c4729c2013c069ce25ab9a737908ed713cfc,theguardian_com,https://www.theguardian.com/politics/2026/may/17/the-ungovernable-country-why-britain-keeps-losing-prime-ministers,rss_then_article_extract,skipped,100,2,AccessControlDetected,paywall=False login=False captcha=True,2026-05-17 12:43:29.581498,2026-05-17 12:50:51.255822,,,
04366fc519f201cd4d8acf9844695c616fc44fbc929fd1ac7b9636d47bb6a110,theguardian_com,https://www.theguardian.com/business/2026/may/17/qantas-passenger-banned-alleged-biting-flight-attendant-melbourne-tahiti-dallas-ntwnfb,rss_then_article_extract,skipped,100,2,AccessControlDetected,paywall=False login=False captcha=True,2026-05-17 12:43:31.556112,2026-05-17 12:50:53.045916,,,
450d539b69a9c818c9a46d56d693fca2fbfec716d090f49fce091e2a39fd92c3,theguardian_com,https://www.theguardian.com/football/2026/may/17/got-panini-1970-world-cup-sticker-book-completed-after-56-years,rss_then_article_extract,skipped,100,2,AccessControlDetected,paywall=False login=False captcha=True,2026-05-17 12:43:33.711725,2026-05-17 12:50:54.967734,,,
74cf84cfe80478e53c9f21a23c999a007c3054eeb3033681ed5719b3900f5783,theguardian_com,https://www.theguardian.com/australia-news/2026/may/17/tech-founders-use-ai-generated-images-to-poke-fun-at-anthony-albanese-in-protest-against-tax-changes,rss_then_article_extract,skipped,100,2,AccessControlDetected,paywall=False login=False captcha=True,2026-05-17 12:43:35.917682,2026-05-17 12:50:56.434798,,,
c8dd2b9bfd8c34308b3c3d9807b1e5d38ff376591a2579e7c4b13e9c56f424e6,theguardian_com,https://www.theguardian.com/world/2026/may/17/ukraine-war-briefing-us-allows-russian-oil-sanctions-waiver-to-lapse,rss_then_article_extract,skipped,100,2,AccessControlDetected,paywall=False login=False captcha=True,2026-05-17 12:43:37.970219,2026-05-17 12:50:58.201320,,,
18f2de4125bf0debdfc2a57d63a778dc27bd219db2c59a743d822f8483a43a0f,theguardian_com,https://www.theguardian.com/world/2026/may/17/bulgaria-wins-70th-eurovision-contest-dara-bangaranga,rss_then_article_extract,skipped,100,2,AccessControlDetected,paywall=False login=False captcha=True,2026-05-17 12:43:40.171722,2026-05-17 12:51:00.346024,,,
f2cf6a219d31ad09d61484da9bc581b323ce460b31a3142490012cdd6883047e,theguardian_com,https://www.theguardian.com/us-news/2026/may/17/republican-louisiana-senator-bill-cassidy-results-primary-trump,rss_then_article_extract,skipped,100,2,AccessControlDetected,paywall=False login=False captcha=True,2026-05-17 12:43:41.781743,2026-05-17 12:51:02.012745,,,
f32aad4463fafd13820389330a48955c83d9958638e641ea0cd78ad7e6822979,theguardian_com,https://www.theguardian.com/world/2026/may/17/who-ebola-outbreak-congo-uganda-global-health-emergency,rss_then_article_extract,skipped,100,2,AccessControlDetected,paywall=False login=False captcha=True,2026-05-17 12:43:43.639856,2026-05-17 12:51:04.091200,,,
5160df171f468eec4bd10a0173cf51a73366b0fe8c29260c65e3d20f503455f8,theguardian_com,https://www.theguardian.com/world/2026/may/17/its-no-longer-exceptional-karachi-struggles-under-brutal-new-reality-of-extreme-heat,rss_then_article_extract,skipped,100,2,AccessControlDetected,paywall=False login=False captcha=True,2026-05-17 12:43:45.792275,2026-05-17 12:51:05.635035,,,
9061b0f36dfd50a0346bba03897133832ed53e37341fbc952e5ae34d20ab03f7,theguardian_com,https://www.theguardian.com/food/2026/may/17/auguste-london-e8-restaurant-review-grace-dent,rss_then_article_extract,skipped,100,2,AccessControlDetected,paywall=False login=False captcha=True,2026-05-17 12:43:48.010279,2026-05-17 12:51:07.491257,,,
3e1c47ddded6fa381f0990aedbce1cd3a4960c0806bbab6e6a5fc3faf127f8b8,theguardian_com,https://www.theguardian.com/world/ng-interactive/2026/may/17/feels-like-an-illusion-how-trump-seizing-maduro-has-changed-little-in-venezuela,rss_then_article_extract,skipped,100,3,AccessControlDetected,paywall=False login=False captcha=True,2026-05-17 11:35:47.464684,2026-05-17 12:51:09.590846,,,
6b9caa2b62a38b18625a878cc528341677a5003cc55a4c00725ea63717010e79,theguardian_com,https://www.theguardian.com/lifeandstyle/2026/may/17/102-year-old-holocaust-survivor-berlin-australia-friendship-brass-plaques,rss_then_article_extract,skipped,100,4,AccessControlDetected,paywall=False login=False captcha=True,2026-05-17 11:35:51.186942,2026-05-17 12:51:11.124754,,,
